id,name,layer,cut_width_mm,cut_height_mm,seam_area_m2,cut_area_m2,quantity,notes
Q01_CENTRE_OUTER,Середина укрытия груди,OUTER,416.07725566647827,334.0,0.12154394925660826,0.13896980339260373,1,Припуск ткани 12 мм; утеплитель -8 мм от шва. Толщина и посадка не компенсированы.
Q01_CENTRE_LINING,Середина укрытия груди,LINING,416.07725566647827,334.0,0.12154394925660826,0.13896980339260373,1,Припуск ткани 12 мм; утеплитель -8 мм от шва. Толщина и посадка не компенсированы.
Q01_CENTRE_BATTING,Середина укрытия груди,BATTING,376.07725566647827,294.0,0.12154394925660826,0.11056671316594462,1,Припуск ткани 12 мм; утеплитель -8 мм от шва. Толщина и посадка не компенсированы.
Q01_WING_L_OUTER,Левое плечевое крыло,OUTER,586.9904146328273,179.0,0.08726351426808823,0.10507128421927608,1,Припуск ткани 12 мм; утеплитель -8 мм от шва. Толщина и посадка не компенсированы.
Q01_WING_L_LINING,Левое плечевое крыло,LINING,586.9904146328273,179.0,0.08726351426808823,0.10507128421927608,1,Припуск ткани 12 мм; утеплитель -8 мм от шва. Толщина и посадка не компенсированы.
Q01_WING_L_BATTING,Левое плечевое крыло,BATTING,546.9904146328273,139.0,0.08726351426808823,0.07603166763396299,1,Припуск ткани 12 мм; утеплитель -8 мм от шва. Толщина и посадка не компенсированы.
Q02_SIDE_L_OUTER,Левая боковина укрытия рук,OUTER,491.36501671579435,619.2664618635072,0.14059843642766012,0.16192910625644055,1,Припуск ткани 12 мм; утеплитель -8 мм от шва. Толщина и посадка не компенсированы.
Q02_SIDE_L_LINING,Левая боковина укрытия рук,LINING,491.36501671579435,619.2664618635072,0.14059843642766012,0.16192910625644055,1,Припуск ткани 12 мм; утеплитель -8 мм от шва. Толщина и посадка не компенсированы.
Q02_SIDE_L_BATTING,Левая боковина укрытия рук,BATTING,451.36501671579435,569.3451025176444,0.14059843642766012,0.12704360807984993,1,Припуск ткани 12 мм; утеплитель -8 мм от шва. Толщина и посадка не компенсированы.
Q01_WING_R_OUTER,Правое плечевое крыло,OUTER,586.9904146328273,179.0,0.08726351426808823,0.10507128421927608,1,Припуск ткани 12 мм; утеплитель -8 мм от шва. Толщина и посадка не компенсированы.
Q01_WING_R_LINING,Правое плечевое крыло,LINING,586.9904146328273,179.0,0.08726351426808823,0.10507128421927608,1,Припуск ткани 12 мм; утеплитель -8 мм от шва. Толщина и посадка не компенсированы.
Q01_WING_R_BATTING,Правое плечевое крыло,BATTING,546.9904146328273,139.0,0.08726351426808823,0.07603166763396299,1,Припуск ткани 12 мм; утеплитель -8 мм от шва. Толщина и посадка не компенсированы.
Q02_SIDE_R_OUTER,Правая боковина укрытия рук,OUTER,491.36501671579435,619.2664618635072,0.14059843642766012,0.16192910625644055,1,Припуск ткани 12 мм; утеплитель -8 мм от шва. Толщина и посадка не компенсированы.
Q02_SIDE_R_LINING,Правая боковина укрытия рук,LINING,491.36501671579435,619.2664618635072,0.14059843642766012,0.16192910625644055,1,Припуск ткани 12 мм; утеплитель -8 мм от шва. Толщина и посадка не компенсированы.
Q02_SIDE_R_BATTING,Правая боковина укрытия рук,BATTING,451.36501671579435,569.3451025176444,0.14059843642766012,0.12704360807984993,1,Припуск ткани 12 мм; утеплитель -8 мм от шва. Толщина и посадка не компенсированы.
Q03_KEYBOARD_FLAP_OUTER,Сворачиваемый клапан клавиатуры,OUTER,240.77520449330675,644.0,0.13440062678585019,0.15505923169368954,1,Припуск ткани 12 мм; утеплитель -8 мм от шва. Толщина и посадка не компенсированы.
Q03_KEYBOARD_FLAP_LINING,Сворачиваемый клапан клавиатуры,LINING,240.77520449330675,644.0,0.13440062678585019,0.15505923169368954,1,Припуск ткани 12 мм; утеплитель -8 мм от шва. Толщина и посадка не компенсированы.
Q03_KEYBOARD_FLAP_BATTING,Сворачиваемый клапан клавиатуры,BATTING,200.77520449330675,604.0,0.13440062678585019,0.12126822351395727,1,Припуск ткани 12 мм; утеплитель -8 мм от шва. Толщина и посадка не компенсированы.
Q04_LOWER_QUILT_OUTER,Ножное укрытие,OUTER,828.8108355579013,669.7139489832955,0.37878365100903366,0.41039476692561727,1,Припуск ткани 12 мм; утеплитель -8 мм от шва. Толщина и посадка не компенсированы.
Q04_LOWER_QUILT_LINING,Ножное укрытие,LINING,828.8108355579013,669.7139489832955,0.37878365100903366,0.41039476692561727,1,Припуск ткани 12 мм; утеплитель -8 мм от шва. Толщина и посадка не компенсированы.
Q04_LOWER_QUILT_BATTING,Ножное укрытие,BATTING,788.8108355579013,620.190700677803,0.37878365100903366,0.358364224296274,1,Припуск ткани 12 мм; утеплитель -8 мм от шва. Толщина и посадка не компенсированы.
P01_BACK_TOP_LINING,Верх внутреннего чехла спинки,LINING,594.0000000000002,624.0,0.34200000000000014,0.3706560000000001,1,Припуск ткани 12 мм; утеплитель -8 мм от шва. Толщина и посадка не компенсированы.
P02_PELVIS_TOP_LINING,Примерочный верх тазовой подушки,LINING,454.0,674.0,0.2795,0.305996,1,Припуск ткани 12 мм; утеплитель -8 мм от шва. Толщина и посадка не компенсированы.
P03_LEG_TOP_LINING,Верх опоры голеней,LINING,961.1014561010325,624.0,0.5622608736606195,0.5997273086070443,1,Припуск ткани 12 мм; утеплитель -8 мм от шва. Толщина и посадка не компенсированы.
SLEEVE_C1_UPRIGHT,Разъёмный тканевый рукав C1_UPRIGHT,FRAME_COVER,392.77681572204136,375.85837720205683,0.12975721192969944,0.14762845655987777,1,"Для номинального Ø112 мм. Ветвления, торцы и места примыкания к полке отдельно подгоняются."
SLEEVE_C1_UPPER,Разъёмный тканевый рукав C1_UPPER,FRAME_COVER,799.0,375.85837720205683,0.27269024233159406,0.3003108433844434,1,"Для номинального Ø112 мм. Ветвления, торцы и места примыкания к полке отдельно подгоняются."
SLEEVE_C2_UPRIGHT,Разъёмный тканевый рукав C2_UPRIGHT,FRAME_COVER,470.1980698769195,375.85837720205683,0.15699852877758283,0.17672788350747828,1,"Для номинального Ø112 мм. Ветвления, торцы и места примыкания к полке отдельно подгоняются."
SLEEVE_C2_UPPER,Разъёмный тканевый рукав C2_UPPER,FRAME_COVER,799.0,375.85837720205683,0.27269024233159406,0.3003108433844434,1,"Для номинального Ø112 мм. Ветвления, торцы и места примыкания к полке отдельно подгоняются."
SLEEVE_F_BACK_RAIL_-1,Разъёмный тканевый рукав F_BACK_RAIL_-1,FRAME_COVER,594.0000000000001,375.85837720205683,0.20055927500517245,0.2232598760580218,1,"Для номинального Ø112 мм. Ветвления, торцы и места примыкания к полке отдельно подгоняются."
SLEEVE_F_BACK_PROP_-1,Разъёмный тканевый рукав F_BACK_PROP_-1,FRAME_COVER,551.0329025594716,375.85837720205683,0.18544094182666543,0.2071103325409421,1,"Для номинального Ø112 мм. Ветвления, торцы и места примыкания к полке отдельно подгоняются."
SLEEVE_F_BACK_LOWER_STUB_-1,Разъёмный тканевый рукав F_BACK_LOWER_STUB_-1,FRAME_COVER,84.11623731474616,350.7256359733385,0.01964151586898458,0.029501720827898613,1,"Для номинального Ø104 мм. Ветвления, торцы и места примыкания к полке отдельно подгоняются."
SLEEVE_F_BACK_LOWER_LINK_-1,Разъёмный тканевый рукав F_BACK_LOWER_LINK_-1,FRAME_COVER,242.5067705966636,350.7256359733385,0.07139176358767531,0.08505334134535535,1,"Для номинального Ø104 мм. Ветвления, торцы и места примыкания к полке отдельно подгоняются."
SLEEVE_F_BACK_RAIL_1,Разъёмный тканевый рукав F_BACK_RAIL_1,FRAME_COVER,594.0000000000001,375.85837720205683,0.20055927500517245,0.2232598760580218,1,"Для номинального Ø112 мм. Ветвления, торцы и места примыкания к полке отдельно подгоняются."
SLEEVE_F_BACK_PROP_1,Разъёмный тканевый рукав F_BACK_PROP_1,FRAME_COVER,551.0329025594716,375.85837720205683,0.18544094182666543,0.2071103325409421,1,"Для номинального Ø112 мм. Ветвления, торцы и места примыкания к полке отдельно подгоняются."
SLEEVE_F_BACK_LOWER_STUB_1,Разъёмный тканевый рукав F_BACK_LOWER_STUB_1,FRAME_COVER,84.11623731474616,350.7256359733385,0.01964151586898458,0.029501720827898613,1,"Для номинального Ø104 мм. Ветвления, торцы и места примыкания к полке отдельно подгоняются."
SLEEVE_F_BACK_LOWER_LINK_1,Разъёмный тканевый рукав F_BACK_LOWER_LINK_1,FRAME_COVER,242.5067705966636,350.7256359733385,0.07139176358767531,0.08505334134535535,1,"Для номинального Ø104 мм. Ветвления, торцы и места примыкания к полке отдельно подгоняются."
SLEEVE_F_BACK_CROSS,Разъёмный тканевый рукав F_BACK_CROSS,FRAME_COVER,654.0,375.85837720205683,0.2216707776372958,0.24581137869014516,1,"Для номинального Ø112 мм. Ветвления, торцы и места примыкания к полке отдельно подгоняются."
