ambient_C,R_m2K_W,airflow_m3_h,laptop_retained_fraction,heat_loss_W,body_assumption_W,laptop_assumption_W,electric_deficit_W,within_52W_budget
0,0.8,4,0,165.79370739199908,55,0,110.79370739199908,False
0,0.8,4,0.15,165.79370739199908,55,5.25,105.54370739199908,False
0,0.8,4,0.3,165.79370739199908,55,10.5,100.29370739199908,False
0,0.8,10,0,218.0537073919991,55,0,163.0537073919991,False
0,0.8,10,0.15,218.0537073919991,55,5.25,157.8037073919991,False
0,0.8,10,0.3,218.0537073919991,55,10.5,152.5537073919991,False
0,0.8,20,0,305.1537073919991,55,0,250.1537073919991,False
0,0.8,20,0.15,305.1537073919991,55,5.25,244.9037073919991,False
0,0.8,20,0.3,305.1537073919991,55,10.5,239.6537073919991,False
0,1.2,4,0,140.00658947842982,55,0,85.00658947842982,False
0,1.2,4,0.15,140.00658947842982,55,5.25,79.75658947842982,False
0,1.2,4,0.3,140.00658947842982,55,10.5,74.50658947842982,False
0,1.2,10,0,192.26658947842984,55,0,137.26658947842984,False
0,1.2,10,0.15,192.26658947842984,55,5.25,132.01658947842984,False
0,1.2,10,0.3,192.26658947842984,55,10.5,126.76658947842984,False
0,1.2,20,0,279.36658947842983,55,0,224.36658947842983,False
0,1.2,20,0.15,279.36658947842983,55,5.25,219.11658947842983,False
0,1.2,20,0.3,279.36658947842983,55,10.5,213.86658947842983,False
0,1.6,4,0,125.80918748107149,55,0,70.80918748107149,False
0,1.6,4,0.15,125.80918748107149,55,5.25,65.55918748107149,False
0,1.6,4,0.3,125.80918748107149,55,10.5,60.30918748107149,False
0,1.6,10,0,178.06918748107148,55,0,123.06918748107148,False
0,1.6,10,0.15,178.06918748107148,55,5.25,117.81918748107148,False
0,1.6,10,0.3,178.06918748107148,55,10.5,112.56918748107148,False
0,1.6,20,0,265.1691874810715,55,0,210.1691874810715,False
0,1.6,20,0.15,265.1691874810715,55,5.25,204.9191874810715,False
0,1.6,20,0.3,265.1691874810715,55,10.5,199.6691874810715,False
10,0.8,4,0,102.02689685661483,55,0,47.026896856614826,True
10,0.8,4,0.15,102.02689685661483,55,5.25,41.776896856614826,True
10,0.8,4,0.3,102.02689685661483,55,10.5,36.526896856614826,True
10,0.8,10,0,134.18689685661482,55,0,79.18689685661482,False
10,0.8,10,0.15,134.18689685661482,55,5.25,73.93689685661482,False
10,0.8,10,0.3,134.18689685661482,55,10.5,68.68689685661482,False
10,0.8,20,0,187.78689685661482,55,0,132.78689685661482,False
10,0.8,20,0.15,187.78689685661482,55,5.25,127.53689685661482,False
10,0.8,20,0.3,187.78689685661482,55,10.5,122.28689685661482,False
10,1.2,4,0,86.15790121749528,55,0,31.15790121749528,True
10,1.2,4,0.15,86.15790121749528,55,5.25,25.90790121749528,True
10,1.2,4,0.3,86.15790121749528,55,10.5,20.65790121749528,True
10,1.2,10,0,118.31790121749529,55,0,63.31790121749529,False
10,1.2,10,0.15,118.31790121749529,55,5.25,58.06790121749529,False
10,1.2,10,0.3,118.31790121749529,55,10.5,52.81790121749529,False
10,1.2,20,0,171.91790121749528,55,0,116.91790121749528,False
10,1.2,20,0.15,171.91790121749528,55,5.25,111.66790121749528,False
10,1.2,20,0.3,171.91790121749528,55,10.5,106.41790121749528,False
10,1.6,4,0,77.42103844989015,55,0,22.421038449890148,True
10,1.6,4,0.15,77.42103844989015,55,5.25,17.171038449890148,True
10,1.6,4,0.3,77.42103844989015,55,10.5,11.921038449890148,True
10,1.6,10,0,109.58103844989014,55,0,54.581038449890144,False
10,1.6,10,0.15,109.58103844989014,55,5.25,49.331038449890144,True
10,1.6,10,0.3,109.58103844989014,55,10.5,44.081038449890144,True
10,1.6,20,0,163.18103844989014,55,0,108.18103844989014,False
10,1.6,20,0.15,163.18103844989014,55,5.25,102.93103844989014,False
10,1.6,20,0.3,163.18103844989014,55,10.5,97.68103844989014,False
20,0.8,4,0,38.26008632123056,55,0,0,True
20,0.8,4,0.15,38.26008632123056,55,5.25,0,True
20,0.8,4,0.3,38.26008632123056,55,10.5,0,True
20,0.8,10,0,50.32008632123056,55,0,0,True
20,0.8,10,0.15,50.32008632123056,55,5.25,0,True
20,0.8,10,0.3,50.32008632123056,55,10.5,0,True
20,0.8,20,0,70.42008632123056,55,0,15.420086321230556,True
20,0.8,20,0.15,70.42008632123056,55,5.25,10.170086321230556,True
20,0.8,20,0.3,70.42008632123056,55,10.5,4.920086321230556,True
20,1.2,4,0,32.30921295656073,55,0,0,True
20,1.2,4,0.15,32.30921295656073,55,5.25,0,True
20,1.2,4,0.3,32.30921295656073,55,10.5,0,True
20,1.2,10,0,44.36921295656073,55,0,0,True
20,1.2,10,0.15,44.36921295656073,55,5.25,0,True
20,1.2,10,0.3,44.36921295656073,55,10.5,0,True
20,1.2,20,0,64.46921295656074,55,0,9.469212956560739,True
20,1.2,20,0.15,64.46921295656074,55,5.25,4.219212956560739,True
20,1.2,20,0.3,64.46921295656074,55,10.5,0,True
20,1.6,4,0,29.032889418708805,55,0,0,True
20,1.6,4,0.15,29.032889418708805,55,5.25,0,True
20,1.6,4,0.3,29.032889418708805,55,10.5,0,True
20,1.6,10,0,41.09288941870881,55,0,0,True
20,1.6,10,0.15,41.09288941870881,55,5.25,0,True
20,1.6,10,0.3,41.09288941870881,55,10.5,0,True
20,1.6,20,0,61.1928894187088,55,0,6.192889418708802,True
20,1.6,20,0.15,61.1928894187088,55,5.25,0.9428894187088019,True
20,1.6,20,0.3,61.1928894187088,55,10.5,0,True
