zone,ambient_C,lining_R_m2K_W,area_m2,laptop_direct_W,heater_W,min_C,mean_C,max_C,residual_W
back,0,0.12,0.21,0,10.96666666666653,27.467400796617298,30.99999999999992,31.99400595468485,4.618527782440651e-14
back,0,0.35,0.21,0,13.266666666666609,23.94679707342007,30.999999999999964,33.449718355936675,-2.1316282072803006e-14
back,0,0.75,0.21,0,13.90666666666665,21.81504225012843,31.00000000000001,34.56231230033033,-2.4868995751603507e-14
back,10,0.12,0.21,0,6.300000000000036,28.970634500184413,30.999999999999996,31.571024697372195,4.263256414560601e-14
back,10,0.35,0.21,0,8.599999999999955,26.42782322849843,30.99999999999997,32.58800838148659,-1.9539925233402755e-14
back,10,0.75,0.21,0,9.239999999999936,24.897242837333614,30.999999999999943,33.36690548813886,-1.7763568394002505e-14
back,20,0.12,0.21,0,1.6333333333333724,30.473868203751508,30.999999999999996,31.14804344005945,4.707345624410664e-14
back,20,0.35,0.21,0,3.933333333333318,28.908849383576808,31.000000000000004,31.726298407036523,-2.1316282072803006e-14
back,20,0.75,0.21,0,4.5733333333333235,27.979443424538875,31.000000000000007,32.171498675947575,-1.7763568394002505e-14
seat,0,0.12,0.1533,0,8.005666666666595,27.503490665066124,30.999999999999982,32.19570251593132,-3.730349362740526e-14
seat,0,0.35,0.1533,0,9.684666666666653,24.097815392825424,31.000000000000025,33.88476392852621,-3.019806626980426e-14
seat,0,0.75,0.1533,0,10.151866666666658,22.0873463396813,31.000000000000032,35.10946456865556,-2.4868995751603507e-14
seat,10,0.12,0.1533,0,4.598999999999991,28.991366977803953,31.000000000000018,31.68689293468399,-4.263256414560601e-14
seat,10,0.35,0.1533,0,6.277999999999965,26.52571952600241,31.000000000000004,32.87002284814009,-3.8191672047105385e-14
seat,10,0.75,0.1533,0,6.745199999999968,25.078169715627155,30.99999999999999,33.730449612730844,-2.6645352591003757e-14
seat,20,0.12,0.1533,0,1.1923333333333022,30.479243290541767,31.00000000000001,31.17808335343659,-4.263256414560601e-14
seat,20,0.35,0.1533,0,2.8713333333332973,28.953623659179392,31.0,31.855281767753986,-3.375077994860476e-14
seat,20,0.75,0.1533,0,3.33853333333331,28.06899309157304,31.00000000000001,32.35143465680617,-2.6645352591003757e-14
