id,description,kind,brep_valid,solid_count,surface_area_mm2,inherited_from_R01
O01,Longitudinal cocoon gore,outer,True,0,273801.22,
O02,Longitudinal cocoon gore,outer,True,0,268101.36,
O03,Longitudinal cocoon gore,outer,True,0,269805.22,
O04,Longitudinal cocoon gore,outer,True,0,280468.16,
O05,Longitudinal cocoon gore,outer,True,0,298021.53,
O06A,Detachable crown quilt,outer,True,0,119970.23,
O06B,Detachable crown quilt,outer,True,0,85696.58,
O07A,Detachable crown quilt,outer,True,0,127217.76,
O07B,Detachable crown quilt,outer,True,0,91413.74,
O08A,Detachable crown quilt,outer,True,0,131489.09,
O08B,Detachable crown quilt,outer,True,0,94584.82,
O09A,Detachable crown quilt,outer,True,0,131488.96,
O09B,Detachable crown quilt,outer,True,0,94584.83,
O10A,Detachable crown quilt,outer,True,0,127215.0,
O10B,Detachable crown quilt,outer,True,0,91413.87,
O11A,Detachable crown quilt,outer,True,0,119962.37,
O11B,Detachable crown quilt,outer,True,0,85696.84,
O12,Longitudinal cocoon gore,outer,True,0,298012.05,
O13,Longitudinal cocoon gore,outer,True,0,280465.07,
O14,Longitudinal cocoon gore,outer,True,0,269805.21,
O15,Longitudinal cocoon gore,outer,True,0,268101.38,
O16,Longitudinal cocoon gore,outer,True,0,273804.54,
OF,Flat floor-facing textile bottom,floor,True,0,1599270.98,
OHEAD,End wall HEAD,outer,True,0,104733.73,
OFOOT,End wall FOOT,outer,True,0,61177.8,
L01,Longitudinal cocoon gore,lining,True,0,259478.96,
L02,Longitudinal cocoon gore,lining,True,0,252814.06,
L03,Longitudinal cocoon gore,lining,True,0,253927.16,
L04,Longitudinal cocoon gore,lining,True,0,264568.95,
L05,Longitudinal cocoon gore,lining,True,0,282475.44,
L06A,Detachable crown quilt,lining,True,0,114965.53,
L06B,Detachable crown quilt,lining,True,0,80762.14,
L07A,Detachable crown quilt,lining,True,0,122359.68,
L07B,Detachable crown quilt,lining,True,0,86702.6,
L08A,Detachable crown quilt,lining,True,0,126696.35,
L08B,Detachable crown quilt,lining,True,0,89991.11,
L09A,Detachable crown quilt,lining,True,0,126696.23,
L09B,Detachable crown quilt,lining,True,0,89991.12,
L10A,Detachable crown quilt,lining,True,0,122356.94,
L10B,Detachable crown quilt,lining,True,0,86702.71,
L11A,Detachable crown quilt,lining,True,0,114957.67,
L11B,Detachable crown quilt,lining,True,0,80762.38,
L12,Longitudinal cocoon gore,lining,True,0,282466.05,
L13,Longitudinal cocoon gore,lining,True,0,264565.97,
L14,Longitudinal cocoon gore,lining,True,0,253927.16,
L15,Longitudinal cocoon gore,lining,True,0,252814.52,
L16,Longitudinal cocoon gore,lining,True,0,259483.81,
LF,Flat floor-facing textile bottom,lining,True,0,1534187.85,
LHEAD,End wall HEAD,lining,True,0,84265.76,
LFOOT,End wall FOOT,lining,True,0,45796.9,
FOAM_MATTRESS,Soft mattress core 96 mm; floor underlay below,foam,True,1,3245327.4,
FOAM_UNDERLAY,"Flexible floor insulation, not plywood",foam,True,1,3331570.42,
EH0,R01 electrical zone 0 / revised flexible carrier,heat,True,0,400000.0,
EH1,R01 electrical zone 1 / revised flexible carrier,heat,True,0,450000.0,
EH2,R01 electrical zone 2 / revised flexible carrier,heat,True,0,180000.0,
E10,External power module ENVELOPE - vendor TBD [R01 retained; moved outside thermal envelope],device,True,1,280800.0,E10
E12,Main electronics enclosure ENVELOPE [R01 retained; moved outside thermal envelope],device,True,1,163000.0,E12
E13,A2 PCB envelope [R01 retained; moved outside thermal envelope],device,True,1,65152.0,E13
E14,A1 PCB envelope [R01 retained; moved outside thermal envelope],device,True,1,36234.4,E14
E11,Controller housing [R01 retained; moved outside thermal envelope],device,True,1,71000.0,E11
WIRE_HP0,Harness centerline HP0,harness,True,0,0.0,
WIRE_NTC00,Harness centerline NTC00,harness,True,0,0.0,
WIRE_NTC01,Harness centerline NTC01,harness,True,0,0.0,
WIRE_TH0,Harness centerline TH0,harness,True,0,0.0,
WIRE_HP1,Harness centerline HP1,harness,True,0,0.0,
WIRE_NTC10,Harness centerline NTC10,harness,True,0,0.0,
WIRE_NTC11,Harness centerline NTC11,harness,True,0,0.0,
WIRE_TH1,Harness centerline TH1,harness,True,0,0.0,
WIRE_HP2,Harness centerline HP2,harness,True,0,0.0,
WIRE_NTC20,Harness centerline NTC20,harness,True,0,0.0,
WIRE_NTC21,Harness centerline NTC21,harness,True,0,0.0,
WIRE_TH2,Harness centerline TH2,harness,True,0,0.0,
WIRE_BAT_MAIN,Harness centerline BAT_MAIN,harness,True,0,0.0,
WIRE_ARM_PANEL,Harness centerline ARM_PANEL,harness,True,0,0.0,
