ambient_C,laptop_heat_W,assumed_case_C,transport,G_total_W_K,collector_C,recovered_W,source_captured_W,collector_loss_W,balance_residual_W
0,10,33,Cu_1000_threads,0.020472712125893484,18.75,0,1.5,1.5,0.0
0,10,33,Cu_100mm2,0.06516666666666668,18.749999999999996,0,1.5,1.4999999999999998,2.220446049250313e-16
0,10,33,isolated_lowR_target,0.5,18.75,0,1.5,1.5,0.0
0,35,42,Cu_1000_threads,0.020472712125893484,37.32653396175835,0.12952130855376712,3.115644025494433,2.986122716940668,-2.3592239273284576e-15
0,35,42,Cu_100mm2,0.06516666666666668,36.97823855471156,0.38958187914870335,3.347840963525627,2.958259084376925,-1.3322676295501878e-15
0,35,42,isolated_lowR_target,0.5,34.893048128342244,1.946524064171122,4.737967914438504,2.7914438502673797,2.220446049250313e-15
0,65,50,Cu_1000_threads,0.020472712125893484,44.27876908456972,0.27185241685461,3.8141539436201883,3.5423015267655775,8.326672684688674e-16
0,65,50,Cu_100mm2,0.06516666666666668,43.54773147197701,0.8176938342571686,4.301512352015327,3.4838185177581606,-2.3314683517128287e-15
0,65,50,isolated_lowR_target,0.5,39.17112299465241,4.0855614973262036,7.219251336898395,3.1336898395721926,-8.881784197001252e-16
10,10,33,Cu_1000_threads,0.020472712125893484,28.75,0,1.5,1.5,0.0
10,10,33,Cu_100mm2,0.06516666666666668,28.75,0,1.5,1.5,0.0
10,10,33,isolated_lowR_target,0.5,28.75,0,1.5,1.5,0.0
10,35,42,Cu_1000_threads,0.020472712125893484,38.369369230180055,0.15087097479889355,2.4204205132132963,2.2695495384144047,-1.887379141862766e-15
10,35,42,Cu_100mm2,0.06516666666666668,37.963662492301374,0.45379867241497296,2.6908916717990836,2.2370929993841098,8.881784197001252e-16
10,35,42,isolated_lowR_target,0.5,35.53475935828877,2.2673796791443834,4.310160427807489,2.0427807486631013,3.9968028886505635e-15
10,65,50,Cu_1000_threads,0.020472712125893484,45.32160435299142,0.2932020830997364,3.1189304313390522,2.8257283482393136,2.220446049250313e-15
10,65,50,Cu_100mm2,0.06516666666666668,44.533155409566824,0.8819106275234382,3.644563060288784,2.762652432765346,-1.1102230246251565e-16
10,65,50,isolated_lowR_target,0.5,39.81283422459893,4.406417112299465,6.791443850267379,2.3850267379679146,0.0
20,10,33,Cu_1000_threads,0.020472712125893484,31.590939985438965,0.012098144205571612,0.9393733430406901,0.9272751988351172,1.2576745200831851e-15
20,10,33,Cu_100mm2,0.06516666666666668,31.55840689796756,0.03638951618421942,0.9610620680216257,0.9246725518374049,1.394717674685353e-15
20,10,33,isolated_lowR_target,0.5,31.363636363636363,0.18181818181818166,1.090909090909091,0.9090909090909091,3.3306690738754696e-16
20,35,42,Cu_1000_threads,0.020472712125893484,39.41220449860176,0.17222064104401996,1.72519700093216,1.5529763598881408,-7.216449660063518e-16
20,35,42,Cu_100mm2,0.06516666666666668,38.949086429891196,0.518015465681243,2.033942380072536,1.5159269143912957,-2.886579864025407e-15
20,35,42,isolated_lowR_target,0.5,36.1764705882353,2.5882352941176485,3.8823529411764683,1.2941176470588238,-3.9968028886505635e-15
20,65,50,Cu_1000_threads,0.020472712125893484,46.364439621413126,0.3145517493448628,2.4237069190579157,2.10915516971305,2.7200464103316335e-15
20,65,50,Cu_100mm2,0.06516666666666668,45.51857934715664,0.9461274207897078,2.987613768562241,2.041486347772531,2.1094237467877974e-15
20,65,50,isolated_lowR_target,0.5,40.45454545454545,4.727272727272727,6.363636363636364,1.6363636363636362,1.7763568394002505e-15
