time_s,laptop_heat_W,recovered_W,back_C,seat_C,electric_back_W,electric_seat_W,session_enabled
0.0,35,2.2673796791443834,10.216522321724383,10.235919925982826,20.0,20.0,True
10.0,35,2.2673796791443834,12.280575756048885,12.484885896661291,20.0,20.0,True
20.0,35,2.2673796791443834,14.171552314728306,14.545269538430944,20.0,20.0,True
30.0,35,2.2673796791443834,15.903964996498482,16.432884027320394,20.0,20.0,True
40.0,35,2.2673796791443834,17.491109842997307,18.16221655861783,20.0,20.0,True
50.0,35,2.2673796791443834,18.94516798415214,19.74653953420756,20.0,20.0,True
60.0,35,2.2673796791443834,20.277299126765026,21.198012426525327,20.0,20.0,True
70.0,35,2.2673796791443834,21.497727203808584,22.52777510092515,20.0,20.0,True
80.0,35,2.2673796791443834,22.615818841779593,23.74603331269469,20.0,20.0,True
90.0,35,2.2673796791443834,23.640155248337102,24.862137034897415,20.0,20.0,True
100.0,35,2.2673796791443834,24.578598071953277,25.884652218197843,20.0,20.0,True
110.0,35,2.2673796791443834,25.438349739041236,26.821426533416904,20.0,20.0,True
120.0,35,2.2673796791443834,26.226008731639425,27.679649601383137,20.0,20.0,True
130.0,35,2.2673796791443834,26.947620229901663,28.465908172335876,20.0,20.0,True
140.0,35,2.2673796791443834,27.60872250806725,29.186236678375252,20.0,20.0,True
150.0,35,2.2673796791443834,28.21438943999424,29.846163546942396,20.0,20.0,True
160.0,35,2.2673796791443834,28.769269440480286,30.411609250192583,20.0,17.530190891669537,True
170.0,35,2.2673796791443834,29.277621141240658,30.82931167923244,20.0,14.984335546761622,True
180.0,35,2.2673796791443834,29.743346075351802,31.13551485095759,20.0,13.091392632048576,True
190.0,35,2.2673796791443834,30.17001862100949,31.359147232225496,20.0,11.682283953748094,True
200.0,35,2.2673796791443834,30.549799026555448,31.521641813719818,18.785551043637167,10.631736176130445,True
210.0,35,2.2673796791443834,30.84903162003634,31.638878092893002,16.975119710584227,9.846931586387388,True
220.0,35,2.2673796791443834,31.081132769696666,31.722620915251316,15.550686415626084,9.259099293054211,True
230.0,35,2.2673796791443834,31.26067537718724,31.781586531198958,14.428679794975475,8.817285031323197,True
240.0,35,2.2673796791443834,31.39907420582948,31.822232451861325,13.543636985737612,8.483735127596965,True
250.0,35,2.2673796791443834,31.505270229860418,31.849342663846954,12.844279653063726,8.230476416400078,True
260.0,35,2.2673796791443834,31.586266690073497,31.86646122268691,12.290440313932486,8.036782254530197,True
270.0,35,2.2673796791443834,31.647548990014524,31.87621350799186,11.850654704387749,7.887295056610409,True
280.0,35,2.2673796791443834,31.693413603650598,31.880544245661046,11.500275863401273,7.770635256205569,True
290.0,35,2.2673796791443834,31.72722571107275,31.880893861677915,11.21999688111548,7.678370666204611,True
300.0,35,2.2673796791443834,31.75162100635587,31.878329144947386,10.994693756832065,7.604252863881772,True
310.0,35,2.2673796791443834,31.768663775068873,31.873640057086252,10.81251900126395,7.543651418147338,True
320.0,35,2.2673796791443834,31.77997071748831,31.8674114600355,10.664191648571794,7.4931347007471825,True
330.0,35,2.2673796791443834,31.786807940175713,31.860076259949302,10.542441117595617,7.450159303488746,True
340.0,35,2.2673796791443834,31.790166930142092,31.851954782153364,10.441571584267457,7.412839923140085,True
350.0,35,2.2673796791443834,31.790824065922205,31.843283944517818,10.357120751299481,7.379778865913821,True
360.0,35,2.2673796791443834,31.789387232992734,31.834238872338428,10.285592559934841,7.3499397249086,True
370.0,35,2.2673796791443834,31.786332337930293,31.824948913030298,10.224247821051499,7.322553785891502,True
380.0,35,2.2673796791443834,31.782031910180706,31.815509501567824,10.170940214909496,7.297050681951946,True
390.0,35,2.2673796791443834,31.776777505997376,31.805990951687292,10.12398782848524,7.2730070144728085,True
400.0,35,2.2673796791443834,31.770797257574742,31.796444969346364,10.082072529653248,7.250108285590244,True
410.0,35,2.2673796791443834,31.764269619378506,31.786909478573644,10.0441611461715,7.228120693317091,True
420.0,35,2.2673796791443834,31.75733413571299,31.7774121969463,10.009443724527763,7.2068702340461,True
430.0,35,2.2673796791443834,31.75009987500285,31.767973284650513,9.977285167563439,7.186227219194457,True
440.0,35,2.2673796791443834,31.742652036395405,31.758607307148115,9.94718735179162,7.166094803256625,True
450.0,35,2.2673796791443834,31.735057124729064,31.74932468928524,9.918759453536525,7.146400483967989,True
460.0,35,2.2673796791443834,31.72736700409301,31.74013279260439,9.891694705101079,7.127089804544818,True
470.0,35,2.2673796791443834,31.719622072979657,31.73103671348328,9.86575218762421,7.108121687475576,True
480.0,35,2.2673796791443834,31.711853751374747,31.722039874431566,9.840742569213079,7.0894649771498095,True
490.0,35,2.2673796791443834,31.704086428883674,31.71314446213567,9.816516933439477,7.071095878135228,True
500.0,35,2.2673796791443834,31.696338990683834,31.704351751958285,9.792958028540768,7.0529960570514465,True
510.0,35,2.2673796791443834,31.688626012785512,31.695662348311004,9.769973412777254,7.035151236114622,True
520.0,35,2.2673796791443834,31.680958698259957,31.687076362697095,9.747490085063856,7.017550150967812,True
530.0,35,2.2673796791443834,31.673345610565686,31.678593545573705,9.725450279027891,7.000183778417476,True
540.0,35,2.2673796791443834,31.66579324794054,31.670213383998956,9.703808168388324,6.983044764148955,True
550.0,35,2.2673796791443834,31.658306493299825,31.661935173929347,9.682527286180193,6.966126998608706,True
560.0,35,2.2673796791443834,31.650888966617654,31.65375807373574,9.661578503140737,6.949425302668304,True
570.0,35,2.2673796791443834,31.6435433009232,31.645681143804577,9.640938444090185,6.932935194627273,True
580.0,35,2.2673796791443834,31.636271358464004,31.637703375830053,9.620588247399372,6.9166527174831725,True
590.0,35,2.2673796791443834,31.629074400002256,31.62982371446894,9.600512593199708,6.900574310854418,True
600.0,35,2.2673796791443834,31.621953217399867,31.622041073337098,9.580698942101845,6.884696715990193,True
610.0,35,2.2673796791443834,31.61490823744785,31.61435434681447,9.56113693880829,6.869016905294208,True
620.0,35,2.2673796791443834,31.607939603171403,31.606762418745195,9.541817944889457,6.8535320300127776,True
630.0,35,2.2673796791443834,31.601047237491777,31.599264168837493,9.522734672734837,6.8382393813836195,True
640.0,35,2.2673796791443834,31.59423089306843,31.59185847736026,9.50388089875663,6.823136361756875,True
650.0,35,2.2673796791443834,31.587490191316377,31.584544228577958,9.485251238672872,6.808220463107549,True
660.0,35,2.2673796791443834,31.580824652944667,31.577320313251253,9.466840971418245,6.793489251024946,True
670.0,35,2.2673796791443834,31.57423372185351,31.57018563044622,9.448645901147357,6.778940352760737,True
680.0,35,2.2673796791443834,31.567716783829557,31.563139088831534,9.430662249075139,6.764571448285988,True
690.0,35,2.2673796791443834,31.56127318116675,31.55617960759705,9.41288656869107,6.750380263577753,True
700.0,35,2.2673796791443834,31.554902224095922,31.54930611709215,9.395315679281877,6.736364565559805,True
710.0,35,2.2673796791443834,31.548603199714847,31.542517559257284,9.377946613797354,6.722522158269163,True
720.0,35,2.2673796791443834,31.542375378960823,31.535812887902512,9.360776577950642,6.708850879931891,True
730.0,35,2.2673796791443834,31.53621802204996,31.529191068873455,9.343802918120382,6.695348600713578,True
740.0,35,2.2673796791443834,31.530130382715946,31.52265108013401,9.327023096147132,6.682013220972202,True
750.0,35,2.2673796791443834,31.524111711508468,31.516191911788294,9.31043466953158,6.668842669881242,True
760.0,35,2.2673796791443834,31.51816125835546,31.50981256605762,9.294035275864271,6.655834904331275,True
770.0,35,2.2673796791443834,31.51227827454872,31.503512057225045,9.277822620571188,6.6429879080366305,True
780.0,35,2.2673796791443834,31.50646201427844,31.49728941155597,9.261794467256232,6.630299690796424,True
790.0,35,2.2673796791443834,31.500711735814313,31.49114366720189,9.24594863007939,6.617768287869492,True
800.0,35,2.2673796791443834,31.495026702410197,31.485073874091704,9.230282967730023,6.605391759436374,True
810.0,35,2.2673796791443834,31.48940618299241,31.4790790938146,9.214795378650233,6.593168190125155,True
820.0,35,2.2673796791443834,31.483849452678818,31.47315839949699,9.199483797237706,6.5810956885863945,True
830.0,35,2.2673796791443834,31.478355793165647,31.46731087567545,9.184346190816377,6.569172387105404,True
840.0,35,2.2673796791443834,31.47292449301068,31.46153561816733,9.16938055721077,6.557396441242556,True
850.0,35,2.2673796791443834,31.467554847835924,31.45583173393983,9.154584922790661,6.545766029495569,True
860.0,35,2.2673796791443834,31.462246160466982,31.450198340978577,9.139957340887905,6.5342793529792225,True
870.0,35,2.2673796791443834,31.456997741023336,31.444634568156125,9.125495890503874,6.522934635118304,True
880.0,35,2.2673796791443834,31.4518089069703,31.43913955510092,9.111198675244959,6.5117301213513965,True
890.0,35,2.2673796791443834,31.446678983141247,31.43371245206691,9.097063822437821,6.500664078843988,True
900.0,0,0,31.4384856225088,31.424190180833765,9.083089482385786,6.489734796208706,True
910.0,0,0,31.406293128719238,31.383731190315835,9.238186681093932,6.698762477478555,True
920.0,0,0,31.380363196853633,31.352896368026393,9.357709989977723,6.851883987418818,True
930.0,0,0,31.359346873924622,31.32920282800464,9.449390331523789,6.963605487152039,True
940.0,0,0,31.34218742340837,31.31081083546899,9.51928313946035,7.044674519888005,True
950.0,0,0,31.328057005079874,31.296357176643276,9.572131428014034,7.103053821419955,True
960.0,0,0,31.316307075861282,31.28483170019288,9.611650186634114,7.144642829418647,True
970.0,0,0,31.306429538438437,31.275485845089353,9.640749148389968,7.173812259362087,True
980.0,0,0,31.29802630868159,31.26776486765193,9.661707286025226,7.193800179013051,True
990.0,0,0,31.290785477576016,31.261257627628726,9.67630949593836,7.207005465304997,True
1000.0,0,0,31.284462638679713,31.255659384008005,9.685953663695354,7.215205230467729,True
1010.0,0,0,31.278866261775715,31.250744229913884,9.691734529184037,7.219715915939743,True
1020.0,0,0,31.273846235937846,31.24634466923014,9.694509378760875,7.221512648983044,True
1030.0,0,0,31.26928489522079,31.24233648462697,9.694949502352106,7.221317675571731,True
1040.0,0,0,31.26508998900805,31.238627526059688,9.693580500139541,7.2196658814750805,True
1050.0,0,0,31.261189175624093,31.235149403998204,9.690813855048887,7.216953337676259,True
1060.0,0,0,31.257525709130782,31.231851334811097,9.68697166367645,7.213473268291089,True
1070.0,0,0,31.254055060753508,31.228695580710106,9.682306008173434,7.20944269964923,True
1080.0,0,0,31.25074227240967,31.225654071126318,9.6770141303534,7.205022204922264,True
1090.0,0,0,31.24755988369837,31.22270589942506,9.67125031765137,7.2003305331511935,True
1100.0,0,0,31.244486308086334,31.219835468171507,9.665135213453533,7.195455448054691,True
1110.0,0,0,31.241504560952883,31.21703111491627,9.658763109916817,7.190461758615479,True
1120.0,0,0,31.23860126324833,31.2142840940049,9.652207660460993,7.185397269016574,True
1130.0,0,0,31.23576586104283,31.211587822170767,9.645526354376862,7.180297186995958,True
1140.0,0,0,31.232990014183617,31.20893731956854,9.638764021793136,7.175187390023341,True
1150.0,0,0,31.23026711741648,31.206328795612635,9.631955579114914,7.170086845222686,True
1160.0,0,0,31.22759192526712,31.203759342103552,9.625128179520244,7.165009402293483,True
1170.0,0,0,31.22496025819884,31.201226705845837,9.618302897433422,7.159965121878679,True
1180.0,0,0,31.222368772434425,31.198729120162234,9.611496047959786,7.154961259739954,True
1190.0,0,0,31.21981477964697,31.19626518004539,9.604720220383227,7.150002995914811,True
1200.0,0,0,31.217296105713285,31.193833749641094,9.597985087687492,7.145093974929241,True
1210.0,0,0,31.214810980065607,31.191433893686668,9.591298040635097,7.140236706019223,True
1220.0,0,0,31.212357949011114,31.189064826698363,9.584664684422242,7.135432859629248,True
1230.0,0,0,31.209935807825826,31.18672587530924,9.578089227687686,7.13068348706423,True
1240.0,0,0,31.207543547554597,31.184416450350696,9.571574787202747,7.125989183202963,True
1250.0,0,0,31.205180313330704,31.18213602615327,9.565123626513524,7.121350207026676,True
1260.0,0,0,31.202845371718876,31.17988412519663,9.558737342847966,7.116766570891883,True
1270.0,0,0,31.200538085126492,31.177660306722853,9.55241701349841,7.112238106646242,True
1280.0,0,0,31.198257891751446,31.175464158286477,9.54616331046196,7.107764514587085,True
1290.0,0,0,31.19600428986711,31.17329528948045,9.539976590215932,7.103345399708719,True
1300.0,0,0,31.193776825504482,31.171153327274546,9.533856964018183,7.0989802985315364,True
1310.0,0,0,31.19157508279575,31.169037912548575,9.527804352951147,7.094668698953498,True
1320.0,0,0,31.189398676402252,31.16694869751099,9.521818531017532,7.090410054932599,True
1330.0,0,0,31.18724724557563,31.164885343773612,9.515899158875367,7.086203797339611,True
1340.0,0,0,31.185120449498164,31.162847520912763,9.510045810241987,7.082049341973178,True
1350.0,0,0,31.18301796362524,31.160834905390878,9.504257992555361,7.077946095473235,True
1360.0,0,0,31.180939476812835,31.158847179745205,9.498535163138012,7.073893459678009,True
1370.0,0,0,31.178884689060045,31.156884031974844,9.492876741837401,7.069890834827021,True
1380.0,0,0,31.176853309733513,31.15494515507464,9.487282120907166,7.065937621910122,True
1390.0,0,0,31.174845056169264,31.15303024667802,9.481750672727259,7.062033224385055,True
1400.0,0,0,31.172859652570345,31.151139008781012,9.476281755831607,7.058177049424563,True
1410.0,0,0,31.17089682913636,31.149271147526097,9.47087471960937,7.054368508818575,True
1420.0,0,0,31.168956321374534,31.147426373030925,9.465528907968794,7.05060701961888,True
1430.0,0,0,31.167037869553017,31.145604399250107,9.460243662188319,7.046892004594514,True
1440.0,0,0,31.16514121826608,31.14380494386195,9.455018323129874,7.043222892545853,True
1450.0,0,0,31.163266116086508,31.142027728173495,9.449852232954843,7.039599118516548,True
1460.0,0,0,31.161412315286704,31.140272477039577,9.444744736449671,7.036020123926676,True
1470.0,0,0,31.159579571613662,31.138538918792058,9.439695182045206,7.032485356651611,True
1480.0,0,0,31.15776764410601,31.136826785177075,9.434702922598573,7.028994271058114,True
1490.0,0,0,31.155976294944427,31.135135811298,9.429767315985796,7.025546328010155,True
1500.0,0,0,31.154205289327894,31.13346573556324,9.424887725550287,7.022140994851976,True
1510.0,0,0,31.152454395370512,31.131816299637094,9.420063520435594,7.018777745375919,True
1520.0,0,0,31.15072338401443,31.13018724839369,9.415294075829124,7.015456059777115,True
1530.0,0,0,31.149012028955454,31.128578329872738,9.410578773136017,7.012175424600958,True
1540.0,0,0,31.147320106578633,31.126989295237266,9.405917000098391,7.0089353326830635,True
1550.0,0,0,31.14564739590178,31.125419898732485,9.401308150872474,7.0057352830862545,True
1560.0,0,0,31.143993678525263,31.12386989764594,9.396751626072033,7.002574781034024,True
1570.0,0,0,31.14235873858677,31.122339052268533,9.392246832786316,6.999453337842303,True
1580.0,0,0,31.14074236272002,31.120827125856515,9.387793184578234,6.996370470849484,True
1590.0,0,0,31.139144340016642,31.119333884593935,9.383390101466677,6.993325703347188,True
1600.0,0,0,31.13756446199061,31.11785909755606,9.379037009897456,6.990318564508994,True
1610.0,0,0,31.13600252254481,31.116402536673185,9.374733342703982,6.987348589320718,True
1620.0,0,0,31.134458317939135,31.114963976695073,9.370478539062416,6.984415318509742,True
1630.0,0,0,31.132931646760095,31.11354319515583,9.3662720444403,6.981518298476027,True
1640.0,0,0,31.131422309891505,31.11213997233941,9.362113310541773,6.978657081222293,True
1650.0,0,0,31.129930110486125,31.11075409124547,9.358001795249834,6.97583122428592,True
1660.0,0,0,31.128454853938212,31.10938533755572,9.353936962565811,6.973040290670936,True
1670.0,0,0,31.12699634785658,31.108033499600694,9.349918282548542,6.970283848780992,True
1680.0,0,0,31.12555440203841,31.106698368326995,9.345945231251266,6.967561472352665,True
1690.0,0,0,31.124128828443574,31.105379737264922,9.342017290658866,6.964872740389917,True
1700.0,0,0,31.122719441169426,31.104077402496507,9.338133948623671,6.962217237099131,True
1710.0,0,0,31.12132605642595,31.10279116262393,9.334294698802585,6.959594551825043,True
1720.0,0,0,31.119948492511398,31.101520818738447,9.33049904059315,6.957004278986934,True
1730.0,0,0,31.118586569788295,31.100266174389475,9.326746479070154,6.954446018016621,True
1740.0,0,0,31.1172401106597,31.099027035554354,9.323036524922566,6.95191937329604,True
1750.0,0,0,31.115908939545836,31.097803210608255,9.319368694391352,6.949423954096173,True
1760.0,0,0,31.11459288286107,31.096594510294533,9.31574250920687,6.946959374516886,True
1770.0,0,0,31.113291768991143,31.095400747695525,9.312157496527268,6.944525253427037,True
1780.0,0,0,31.112005428270688,31.094221738203515,9.308613188877478,6.942121214405887,True
1790.0,0,0,31.110733692961002,31.09305729949232,9.305109124088906,6.939746885684513,True
1800.0,0,0,31.083863790953973,31.066437212388234,0.0,0.0,False
1810.0,0,0,30.8385127870999,30.822547477763564,0.0,0.0,False
1820.0,0,0,30.6137351775569,30.599108605780717,0.0,0.0,False
1830.0,0,0,30.407805823455206,30.394405732206305,0.0,0.0,False
1840.0,0,0,30.219144243830094,30.206867789153893,0.0,0.0,False
1850.0,0,0,30.046302485636332,30.035055447342526,0.0,0.0,False
1860.0,0,0,29.887954010897193,29.877650069432114,0.0,0.0,False
1870.0,0,0,29.74288351569835,29.73344358965362,0.0,0.0,False
1880.0,0,0,29.609977602888584,29.601329242061617,0.0,0.0,False
1890.0,0,0,29.48821623690176,29.48029306624989,0.0,0.0,False
1900.0,0,0,29.376664915116695,29.369406125337388,0.0,0.0,False
1910.0,0,0,29.27446749567137,29.267817376498705,0.0,0.0,False
1920.0,0,0,29.180839626685554,29.174747139321255,0.0,0.0,False
1930.0,0,0,29.095062726462427,29.089481111859676,0.0,0.0,False
1940.0,0,0,29.01647846846757,29.011364888461447,0.0,0.0,False
1950.0,0,0,28.94448372875864,28.939798937288796,0.0,0.0,False
1960.0,0,0,28.8785259570877,28.87423399898991,0.0,0.0,False
1970.0,0,0,28.818098936149994,28.814166871205007,0.0,0.0,False
1980.0,0,0,28.762738896432104,28.759136546553727,0.0,0.0,False
1990.0,0,0,28.712020956841396,28.708720674463606,0.0,0.0,False
2000.0,0,0,28.665555863798915,28.66253231968441,0.0,0.0,False
2010.0,0,0,28.6229870037689,28.62021699261052,0.0,0.0,False
2020.0,0,0,28.583987666296423,28.581449928619374,0.0,0.0,False
2030.0,0,0,28.548258536547113,28.545933595545346,0.0,0.0,False
2040.0,0,0,28.51552539810486,28.513395410159074,0.0,0.0,False
2050.0,0,0,28.48553702839651,28.4835856461267,0.0,0.0,False
2060.0,0,0,28.458063270591378,28.45627551739284,0.0,0.0,False
2070.0,0,0,28.4328932671775,28.431255422277346,0.0,0.0,False
2080.0,0,0,28.40983384165779,28.408333334809775,0.0,0.0,False
2090.0,0,0,28.388708015945515,28.387333330955048,0.0,0.0,False
2100.0,0,0,28.369353652080537,28.36809423841941,0.0,0.0,False
