laptop_heat_W,ambient_C,assumed_heat_into_tray_W,tray_min_C,tray_mean_C,tray_max_C,tray_pickup_C,net_to_pad31C_W,loss_to_outside_W,net_to_inner_air_W,balance_residual_W,cells,iterations,link_connected
10,0,1.5,8.673076462962289,9.22836440012024,12.3146401840939,12.3146401840939,-1.2176626152927261,14.318649920309209,-11.600987305016508,2.5091040356528538e-14,714,5,True
35,0,5.25,10.037310325851536,10.851122401191477,13.747717604150166,13.747717604150166,-1.1242737367046234,16.852794788657782,-10.47852105195313,-2.8199664825478976e-14,714,5,True
65,0,9.75,11.586169517621594,12.795507491223578,15.983050950166804,15.464899751071485,-1.0123707000730116,19.895955140972646,-9.133584440899675,4.063416270128073e-14,714,5,True
10,10,1.5,15.517445139325803,15.936335428830647,18.074850555823424,18.074850555823424,-0.8422889058763452,9.303353868014892,-6.961064962138639,9.303668946358812e-14,714,5,True
35,10,5.25,16.85380239889282,17.55003502347376,19.500319370731738,19.500319370731738,-0.7493958547239711,11.844260288889004,-5.8448644341651335,1.0091927293842673e-13,714,5,True
65,10,9.75,18.359639249501374,19.483461065199936,22.43487554409853,21.208296113543167,-0.6380927035938271,14.895600931104038,-4.50750822751022,8.881784197001252e-15,714,5,True
10,20,1.5,22.40456113091471,22.687180761934805,23.873357248636093,23.873357248636093,-0.46441955286810266,4.255905895731629,-2.2914863428635615,3.5416114485542494e-14,714,4,True
35,20,5.25,23.680592408297738,24.291439958148672,25.89757078708695,25.290901460258482,-0.3720429216967922,6.803858686613362,-1.1818157649166796,1.1013412404281553e-13,714,4,True
65,20,9.75,25.175379044845293,26.21345073464263,28.92842856238484,26.989295303343248,-0.2613642561991552,9.86371978538456,0.14764447081436477,2.298161660974074e-13,714,5,True
