bar,stock,ID,start_mm,length_mm,kerf_mm,tail_mm
1,Al_20x20x2,D10,0,99.9,3,5794.2
1,Al_20x20x2,D11,102.9,99.9,3,5794.2
2,Al_25x25x2,D00,0,290.0,3,5414.0
2,Al_25x25x2,D01,293.0,290.0,3,5414.0
3,Al_35x35x2,B01,0,2060.0,3,95.0
3,Al_35x35x2,B02,2063.0,2060.0,3,95.0
3,Al_35x35x2,R010,4126.0,820.0,3,95.0
3,Al_35x35x2,R011,4949.0,820.0,3,95.0
3,Al_35x35x2,B200,5772.0,130.0,3,95.0
4,Al_35x35x2,L010,0,770.0,3,86.0
4,Al_35x35x2,L011,773.0,770.0,3,86.0
4,Al_35x35x2,B10,1546.0,725.0,3,86.0
4,Al_35x35x2,B11,2274.0,725.0,3,86.0
4,Al_35x35x2,B12,3002.0,725.0,3,86.0
4,Al_35x35x2,B60,3730.0,725.0,3,86.0
4,Al_35x35x2,B61,4458.0,725.0,3,86.0
4,Al_35x35x2,B62,5186.0,725.0,3,86.0
5,Al_35x35x2,B63,0,725.0,3,23.0
5,Al_35x35x2,B64,728.0,725.0,3,23.0
5,Al_35x35x2,B50,1456.0,700.0,3,23.0
5,Al_35x35x2,B51,2159.0,700.0,3,23.0
5,Al_35x35x2,R020,2862.0,645.0,3,23.0
5,Al_35x35x2,R021,3510.0,645.0,3,23.0
5,Al_35x35x2,S020,4158.0,645.0,3,23.0
5,Al_35x35x2,S021,4806.0,645.0,3,23.0
5,Al_35x35x2,S010,5454.0,520.0,3,23.0
6,Al_35x35x2,L020,0,645.0,3,2584.0
6,Al_35x35x2,L021,648.0,645.0,3,2584.0
6,Al_35x35x2,S011,1296.0,520.0,3,2584.0
6,Al_35x35x2,B400,1819.0,230.0,3,2584.0
6,Al_35x35x2,B401,2052.0,230.0,3,2584.0
6,Al_35x35x2,B410,2285.0,230.0,3,2584.0
6,Al_35x35x2,B411,2518.0,230.0,3,2584.0
6,Al_35x35x2,B201,2751.0,130.0,3,2584.0
6,Al_35x35x2,B210,2884.0,130.0,3,2584.0
6,Al_35x35x2,B211,3017.0,130.0,3,2584.0
6,Al_35x35x2,B220,3150.0,130.0,3,2584.0
6,Al_35x35x2,B221,3283.0,130.0,3,2584.0
