ID,material,qty,allowance_mm,width_mm,length_mm,distortion_percent
O08_SMOOTH_LOWER_O1_B,outer,1,12,617.0,1610.7,1.933
O08_SMOOTH_LOWER_O1_A_B_B_B_B_B_B,outer,1,12,218.1,133.2,0.007
O08_SMOOTH_LOWER_O1_A_B_B_B_B_B_A,outer,1,12,281.6,301.2,0.039
O08_SMOOTH_LOWER_O1_A_B_B_B_B_A,outer,1,12,298.6,75.1,0.003
O08_SMOOTH_LOWER_O1_A_B_B_B_A,outer,1,12,299.9,149.7,0.082
O08_SMOOTH_LOWER_O1_A_B_B_A,outer,1,12,300.2,305.6,1.559
O08_SMOOTH_LOWER_O1_A_B_A,outer,1,12,618.3,696.7,0.391
O08_SMOOTH_LOWER_O1_A_A_B_B,outer,1,12,192.0,419.0,1.788
O08_SMOOTH_LOWER_O1_A_A_B_A,outer,1,12,208.4,651.1,0.303
O08_SMOOTH_LOWER_O1_A_A_A,outer,1,12,199.5,488.3,0.766
O08_SMOOTH_LOWER_I1_B,lining,1,12,565.7,1576.3,1.634
O08_SMOOTH_LOWER_I1_A_B_B_B_B_B_B,lining,1,12,197.1,127.7,0.007
O08_SMOOTH_LOWER_I1_A_B_B_B_B_B_A,lining,1,12,271.1,275.4,0.054
O08_SMOOTH_LOWER_I1_A_B_B_B_B_A,lining,1,12,285.1,73.7,0.003
O08_SMOOTH_LOWER_I1_A_B_B_B_A,lining,1,12,286.4,149.6,0.081
O08_SMOOTH_LOWER_I1_A_B_B_A,lining,1,12,286.8,303.0,1.556
O08_SMOOTH_LOWER_I1_A_B_A,lining,1,12,597.9,677.9,0.369
O08_SMOOTH_LOWER_I1_A_A_B_B,lining,1,12,181.7,411.0,1.615
O08_SMOOTH_LOWER_I1_A_A_B_A,lining,1,12,197.0,632.5,0.301
O08_SMOOTH_LOWER_I1_A_A_A,lining,1,12,165.3,478.2,0.503
O08_SMOOTH_LOWER_W1_B,insulation,1,0,565.0,1561.8,1.789
O08_SMOOTH_LOWER_W1_A_B_B_B_B_B_B,insulation,1,0,181.5,100.1,0.007
O08_SMOOTH_LOWER_W1_A_B_B_B_B_B_A,insulation,1,0,247.7,256.3,0.046
O08_SMOOTH_LOWER_W1_A_B_B_B_B_A,insulation,1,0,267.6,48.9,0.003
O08_SMOOTH_LOWER_W1_A_B_B_B_A,insulation,1,0,268.1,124.8,0.081
O08_SMOOTH_LOWER_W1_A_B_B_A,insulation,1,0,266.4,275.3,1.559
O08_SMOOTH_LOWER_W1_A_B_A,insulation,1,0,573.9,660.7,0.382
O08_SMOOTH_LOWER_W1_A_A_B_B,insulation,1,0,159.8,363.3,1.704
O08_SMOOTH_LOWER_W1_A_A_B_A,insulation,1,0,176.8,573.0,0.303
O08_SMOOTH_LOWER_W1_A_A_A,insulation,1,0,145.6,431.6,0.675
O08_SMOOTH_LOWER_O2_B,outer,1,12,376.7,1464.4,1.609
O08_SMOOTH_LOWER_O2_A_B_B_B_B,outer,1,12,219.4,318.1,1.748
O08_SMOOTH_LOWER_O2_A_B_B_B_A,outer,1,12,176.4,126.7,0.005
O08_SMOOTH_LOWER_O2_A_B_B_A,outer,1,12,191.8,197.8,0.148
O08_SMOOTH_LOWER_O2_A_B_A,outer,1,12,227.8,282.7,1.625
O08_SMOOTH_LOWER_O2_A_A,outer,1,12,218.9,664.8,0.578
O08_SMOOTH_LOWER_I2_B,lining,1,12,348.0,1441.1,0.928
O08_SMOOTH_LOWER_I2_A_B_B_B_B,lining,1,12,202.8,296.5,0.582
O08_SMOOTH_LOWER_I2_A_B_B_B_A,lining,1,12,164.6,121.4,0.005
O08_SMOOTH_LOWER_I2_A_B_B_A,lining,1,12,179.7,193.0,0.152
O08_SMOOTH_LOWER_I2_A_B_A,lining,1,12,215.0,279.7,1.641
O08_SMOOTH_LOWER_I2_A_A,lining,1,12,209.0,644.5,0.503
O08_SMOOTH_LOWER_W2_B,insulation,1,0,335.6,1418.4,1.121
O08_SMOOTH_LOWER_W2_A_B_B_B_B,insulation,1,0,182.9,271.7,1.178
O08_SMOOTH_LOWER_W2_A_B_B_B_A,insulation,1,0,145.4,91.2,0.005
O08_SMOOTH_LOWER_W2_A_B_B_A,insulation,1,0,160.7,163.2,0.15
O08_SMOOTH_LOWER_W2_A_B_A,insulation,1,0,194.5,252.1,1.633
O08_SMOOTH_LOWER_W2_A_A,insulation,1,0,186.4,607.8,0.535
O08_SMOOTH_LOWER_O3,outer,1,12,330.0,2326.6,0.038
O08_SMOOTH_LOWER_I3,lining,1,12,309.6,2316.9,0.026
O08_SMOOTH_LOWER_W3,insulation,1,0,295.7,2294.1,0.016
O08_SMOOTH_LOWER_O4,outer,1,12,283.2,2326.5,0.011
O08_SMOOTH_LOWER_I4,lining,1,12,265.3,2316.8,0.006
O08_SMOOTH_LOWER_W4,insulation,1,0,250.2,2294.0,0.004
O08_SMOOTH_LOWER_O5_B,outer,1,12,293.3,1433.3,0.93
O08_SMOOTH_LOWER_O5_A_B_B_B_B,outer,1,12,233.2,291.0,0.501
O08_SMOOTH_LOWER_O5_A_B_B_B_A,outer,1,12,183.1,103.3,0.004
O08_SMOOTH_LOWER_O5_A_B_B_A,outer,1,12,200.3,174.8,0.058
O08_SMOOTH_LOWER_O5_A_B_A,outer,1,12,232.2,267.9,0.457
O08_SMOOTH_LOWER_O5_A_A,outer,1,12,219.2,610.9,0.234
O08_SMOOTH_LOWER_I5,lining,1,12,448.6,2317.9,1.869
O08_SMOOTH_LOWER_W5_B,insulation,1,0,243.4,1393.1,0.572
O08_SMOOTH_LOWER_W5_A_B,insulation,1,0,253.9,538.1,1.993
O08_SMOOTH_LOWER_W5_A_A,insulation,1,0,184.9,562.7,0.15
O08_SMOOTH_LOWER_O6_B_B_B_B_B,outer,1,12,337.8,257.8,0.737
O08_SMOOTH_LOWER_O6_B_B_B_B_A,outer,1,12,362.6,181.5,1.182
O08_SMOOTH_LOWER_O6_B_B_B_A,outer,1,12,374.8,217.5,0.87
O08_SMOOTH_LOWER_O6_B_B_A,outer,1,12,387.9,363.8,0.925
O08_SMOOTH_LOWER_O6_B_A,outer,1,12,554.3,685.4,0.925
O08_SMOOTH_LOWER_O6_A_B_B,outer,1,12,679.1,662.3,0.916
O08_SMOOTH_LOWER_O6_A_B_A_B_B_B_B,outer,1,12,166.4,82.5,0.007
O08_SMOOTH_LOWER_O6_A_B_A_B_B_B_A,outer,1,12,204.7,238.6,0.053
O08_SMOOTH_LOWER_O6_A_B_A_B_B_A,outer,1,12,202.9,86.0,0.005
O08_SMOOTH_LOWER_O6_A_B_A_B_A,outer,1,12,203.4,159.6,0.16
O08_SMOOTH_LOWER_O6_A_B_A_A_B,outer,1,12,200.8,161.1,0.149
O08_SMOOTH_LOWER_O6_A_B_A_A_A,outer,1,12,195.6,134.2,1.526
O08_SMOOTH_LOWER_O6_A_A_B_B,outer,1,12,465.2,506.7,0.8
O08_SMOOTH_LOWER_O6_A_A_B_A,outer,1,12,174.8,330.8,1.935
O08_SMOOTH_LOWER_O6_A_A_A,outer,1,12,261.2,434.3,1.105
O08_SMOOTH_LOWER_I6_B_B_B_B,lining,1,12,301.8,363.1,1.95
O08_SMOOTH_LOWER_I6_B_B_B_A,lining,1,12,314.7,214.9,0.848
O08_SMOOTH_LOWER_I6_B_B_A,lining,1,12,327.8,362.4,0.924
O08_SMOOTH_LOWER_I6_B_A,lining,1,12,494.1,684.2,0.917
O08_SMOOTH_LOWER_I6_A_B_B,lining,1,12,641.3,636.4,0.874
O08_SMOOTH_LOWER_I6_A_B_A_B_B_B_B,lining,1,12,151.0,82.1,0.008
O08_SMOOTH_LOWER_I6_A_B_A_B_B_B_A,lining,1,12,193.7,234.6,0.071
O08_SMOOTH_LOWER_I6_A_B_A_B_B_A,lining,1,12,193.5,84.0,0.005
O08_SMOOTH_LOWER_I6_A_B_A_B_A,lining,1,12,194.1,157.9,0.159
O08_SMOOTH_LOWER_I6_A_B_A_A_B,lining,1,12,191.4,159.5,0.151
O08_SMOOTH_LOWER_I6_A_B_A_A_A,lining,1,12,185.9,133.9,1.554
O08_SMOOTH_LOWER_I6_A_A_B_B,lining,1,12,439.1,496.0,0.791
O08_SMOOTH_LOWER_I6_A_A_B_A,lining,1,12,165.6,328.5,1.75
O08_SMOOTH_LOWER_I6_A_A_A,lining,1,12,211.0,436.6,0.643
O08_SMOOTH_LOWER_W6_B_B_B_B_B,insulation,1,0,273.5,215.7,0.512
O08_SMOOTH_LOWER_W6_B_B_B_B_A,insulation,1,0,306.5,149.3,1.126
O08_SMOOTH_LOWER_W6_B_B_B_A,insulation,1,0,319.8,188.2,0.861
O08_SMOOTH_LOWER_W6_B_B_A,insulation,1,0,333.2,337.0,0.927
O08_SMOOTH_LOWER_W6_B_A,insulation,1,0,492.8,659.3,0.922
O08_SMOOTH_LOWER_W6_A_B_B,insulation,1,0,630.9,624.8,0.896
O08_SMOOTH_LOWER_W6_A_B_A_B_B_B_B,insulation,1,0,133.2,57.6,0.007
O08_SMOOTH_LOWER_W6_A_B_A_B_B_B_A,insulation,1,0,172.1,205.5,0.062
O08_SMOOTH_LOWER_W6_A_B_A_B_B_A,insulation,1,0,174.1,57.4,0.005
O08_SMOOTH_LOWER_W6_A_B_A_B_A,insulation,1,0,174.5,131.4,0.16
O08_SMOOTH_LOWER_W6_A_B_A_A_B,insulation,1,0,171.5,132.7,0.15
O08_SMOOTH_LOWER_W6_A_B_A_A_A,insulation,1,0,164.8,109.3,1.539
O08_SMOOTH_LOWER_W6_A_A_B_B,insulation,1,0,405.3,452.1,0.798
O08_SMOOTH_LOWER_W6_A_A_B_A,insulation,1,0,139.2,288.3,1.845
O08_SMOOTH_LOWER_W6_A_A_A,insulation,1,0,192.5,393.9,0.929
O08_SMOOTH_LOWER_START,lining,1,12,57.0,164.7,0.0
O08_SMOOTH_LOWER_END,lining,1,12,139.0,154.2,0.0
O08_SMOOTH_LOWER_LEFT,lining,1,12,551.5,2971.3,0.0
O08_SMOOTH_LOWER_RIGHT,lining,1,12,551.5,2971.3,0.0
H08_CANOPY_O1_B_B,outer,1,12,410.8,404.3,0.827
H08_CANOPY_O1_B_A_B_B,outer,1,12,175.7,310.1,1.262
H08_CANOPY_O1_B_A_B_A,outer,1,12,128.0,321.4,0.883
H08_CANOPY_O1_B_A_A_B,outer,1,12,196.4,301.6,0.721
H08_CANOPY_O1_B_A_A_A,outer,1,12,174.7,362.9,0.547
H08_CANOPY_O1_A,outer,1,12,656.3,1044.3,1.625
H08_CANOPY_I1_B_B,lining,1,12,384.2,392.5,0.839
H08_CANOPY_I1_B_A_B_B,lining,1,12,168.8,301.8,1.241
H08_CANOPY_I1_B_A_B_A,lining,1,12,123.5,315.2,0.861
H08_CANOPY_I1_B_A_A_B,lining,1,12,187.2,293.5,0.741
H08_CANOPY_I1_B_A_A_A,lining,1,12,168.5,353.3,0.565
H08_CANOPY_I1_A,lining,1,12,624.5,1029.3,1.623
H08_CANOPY_W1_B_B,insulation,1,0,368.6,365.0,0.834
H08_CANOPY_W1_B_A_B_B,insulation,1,0,146.2,266.5,1.252
H08_CANOPY_W1_B_A_B_A,insulation,1,0,98.1,272.3,0.873
H08_CANOPY_W1_B_A_A_B,insulation,1,0,164.8,250.3,0.731
H08_CANOPY_W1_B_A_A_A,insulation,1,0,144.6,290.8,0.556
H08_CANOPY_W1_A,insulation,1,0,612.2,1004.0,1.625
H08_CANOPY_O2_B_B,outer,1,12,420.5,340.5,1.547
H08_CANOPY_O2_B_A_B,outer,1,12,267.1,230.0,1.881
H08_CANOPY_O2_B_A_A,outer,1,12,226.6,275.1,1.789
H08_CANOPY_O2_A_B_B,outer,1,12,262.9,469.2,1.511
H08_CANOPY_O2_A_B_A,outer,1,12,221.6,553.2,0.553
H08_CANOPY_O2_A_A,outer,1,12,353.7,726.7,0.125
H08_CANOPY_I2_B_B,lining,1,12,391.2,331.6,1.608
H08_CANOPY_I2_B_A_B,lining,1,12,247.3,223.1,1.925
H08_CANOPY_I2_B_A_A,lining,1,12,215.3,265.9,1.767
H08_CANOPY_I2_A_B_B,lining,1,12,427.8,267.9,0.669
H08_CANOPY_I2_A_B_A,lining,1,12,398.7,411.4,0.83
H08_CANOPY_I2_A_A,lining,1,12,313.1,710.2,0.087
H08_CANOPY_W2_B_B,insulation,1,0,376.9,306.1,1.579
H08_CANOPY_W2_B_A_B,insulation,1,0,233.1,199.9,1.904
H08_CANOPY_W2_B_A_A,insulation,1,0,196.3,238.3,1.779
H08_CANOPY_W2_A_B_B,insulation,1,0,227.1,433.7,1.453
H08_CANOPY_W2_A_B_A,insulation,1,0,191.8,506.2,0.543
H08_CANOPY_W2_A_A,insulation,1,0,303.8,678.2,0.107
H08_CANOPY_O3_B_B,outer,1,12,436.4,279.7,1.547
H08_CANOPY_O3_B_A_B_B,outer,1,12,184.1,246.1,1.178
H08_CANOPY_O3_B_A_B_A,outer,1,12,125.0,219.1,0.782
H08_CANOPY_O3_B_A_A,outer,1,12,216.6,206.8,1.542
H08_CANOPY_O3_A_B_B,outer,1,12,271.9,588.0,0.941
H08_CANOPY_O3_A_B_A,outer,1,12,218.1,478.0,1.054
H08_CANOPY_O3_A_A,outer,1,12,288.8,790.9,0.125
H08_CANOPY_I3_B_B,lining,1,12,406.1,276.4,1.608
H08_CANOPY_I3_B_A_B_B,lining,1,12,173.8,239.5,1.15
H08_CANOPY_I3_B_A_B_A,lining,1,12,116.7,215.8,0.771
H08_CANOPY_I3_B_A_A,lining,1,12,201.4,206.4,1.559
H08_CANOPY_I3_A_B_B,lining,1,12,410.5,328.6,0.669
H08_CANOPY_I3_A_B_A,lining,1,12,348.8,502.1,0.83
H08_CANOPY_I3_A_A,lining,1,12,253.6,763.5,0.087
H08_CANOPY_W3_B_B,insulation,1,0,391.1,251.8,1.579
H08_CANOPY_W3_B_A_B_B,insulation,1,0,152.8,212.8,1.165
H08_CANOPY_W3_B_A_B_A,insulation,1,0,96.4,190.4,0.777
H08_CANOPY_W3_B_A_A,insulation,1,0,184.8,181.8,1.551
H08_CANOPY_W3_A_B_B,insulation,1,0,240.5,537.7,0.918
H08_CANOPY_W3_A_B_A,insulation,1,0,184.2,442.1,1.013
H08_CANOPY_W3_A_A,insulation,1,0,245.9,732.7,0.107
H08_CANOPY_O4_B_B,outer,1,12,458.5,267.3,0.826
H08_CANOPY_O4_B_A_B_B,outer,1,12,199.2,400.1,1.136
H08_CANOPY_O4_B_A_B_A,outer,1,12,143.5,326.7,0.855
H08_CANOPY_O4_B_A_A_B,outer,1,12,229.3,200.0,0.602
H08_CANOPY_O4_B_A_A_A,outer,1,12,239.0,217.2,0.622
H08_CANOPY_O4_A,outer,1,12,419.2,1152.5,1.626
H08_CANOPY_I4_B_B,lining,1,12,429.6,265.4,0.839
H08_CANOPY_I4_B_A_B_B,lining,1,12,266.5,262.7,0.854
H08_CANOPY_I4_B_A_B_A,lining,1,12,261.2,343.1,0.615
H08_CANOPY_I4_B_A_A_B,lining,1,12,217.9,192.9,0.62
H08_CANOPY_I4_B_A_A_A,lining,1,12,231.3,203.9,0.647
H08_CANOPY_I4_A,lining,1,12,407.3,1128.2,1.625
H08_CANOPY_W4_B_B,insulation,1,0,411.6,240.7,0.833
H08_CANOPY_W4_B_A_B_B,insulation,1,0,159.4,339.2,1.124
H08_CANOPY_W4_B_A_B_A,insulation,1,0,110.2,276.7,0.844
H08_CANOPY_W4_B_A_A_B,insulation,1,0,195.6,163.7,0.611
H08_CANOPY_W4_B_A_A_A,insulation,1,0,206.1,172.1,0.634
H08_CANOPY_W4_A,insulation,1,0,389.1,1103.3,1.626
H08_CANOPY_START,lining,1,12,214.1,164.3,0.0
H08_CANOPY_END,lining,1,12,439.0,845.1,0.0
H08_CANOPY_LEFT,lining,1,12,340.3,1235.7,0.0
H08_CANOPY_RIGHT,lining,1,12,340.3,1235.7,0.0
F08_BOTTOM,technical,1,12,1122.8,2314.3,0.0
F08_TOP,technical,1,12,1122.8,2314.3,0.0
F08_EDGE_LEFT,outer,1,12,86.0,2825.4,0.0
F08_EDGE_RIGHT,outer,1,12,86.0,2825.4,0.0
G08_BACK_-1_O1,outer,1,12,300.7,1345.0,0.0
G08_BACK_-1_I1,lining,1,12,300.7,1345.0,0.0
G08_BACK_-1_W1,insulation,1,0,276.7,1311.0,0.0
G08_BACK_-1_START,lining,1,12,32.0,94.0,0.0
G08_BACK_-1_END,lining,1,12,32.0,94.0,0.0
G08_BACK_-1_LEFT,lining,1,12,331.6,1235.1,0.0
G08_BACK_-1_RIGHT,lining,1,12,331.6,1235.1,0.0
G08_BACK_1_O1,outer,1,12,300.7,1345.0,0.0
G08_BACK_1_I1,lining,1,12,300.7,1345.0,0.0
G08_BACK_1_W1,insulation,1,0,276.7,1311.0,0.0
G08_BACK_1_START,lining,1,12,32.0,94.0,0.0
G08_BACK_1_END,lining,1,12,32.0,94.0,0.0
G08_BACK_1_LEFT,lining,1,12,331.6,1235.1,0.0
G08_BACK_1_RIGHT,lining,1,12,331.6,1235.1,0.0
G08_REAR_O,outer,1,12,168.0,244.0,0.0
G08_REAR_I,lining,1,12,168.0,244.0,0.0
L08_CONTINUOUS_COVER_O1_B,outer,1,12,339.7,830.4,0.931
L08_CONTINUOUS_COVER_O1_A_B,outer,1,12,294.1,380.8,0.364
L08_CONTINUOUS_COVER_O1_A_A_B,outer,1,12,299.1,228.8,1.736
L08_CONTINUOUS_COVER_O1_A_A_A,outer,1,12,344.9,310.0,0.729
L08_CONTINUOUS_COVER_I1,lining,1,12,492.7,1527.8,1.175
L08_CONTINUOUS_COVER_W1,insulation,1,0,449.6,1490.7,1.532
L08_CONTINUOUS_COVER_O2,outer,1,12,364.5,1425.9,0.263
L08_CONTINUOUS_COVER_I2,lining,1,12,368.8,1417.5,0.031
L08_CONTINUOUS_COVER_W2,insulation,1,0,341.5,1394.4,0.141
L08_CONTINUOUS_COVER_O3,outer,1,12,292.6,1406.0,0.263
L08_CONTINUOUS_COVER_I3,lining,1,12,288.8,1393.4,0.031
L08_CONTINUOUS_COVER_W3,insulation,1,0,266.4,1374.5,0.141
L08_CONTINUOUS_COVER_O4_B,outer,1,12,287.6,794.1,0.931
L08_CONTINUOUS_COVER_O4_A_B,outer,1,12,293.7,380.0,0.364
L08_CONTINUOUS_COVER_O4_A_A_B,outer,1,12,300.5,211.0,1.735
L08_CONTINUOUS_COVER_O4_A_A_A,outer,1,12,366.5,214.7,0.729
L08_CONTINUOUS_COVER_I4,lining,1,12,381.1,1483.2,1.175
L08_CONTINUOUS_COVER_W4,insulation,1,0,338.0,1461.5,1.532
L08_CONTINUOUS_COVER_START,lining,1,12,266.3,1068.0,0.0
L08_CONTINUOUS_COVER_END,lining,1,12,109.2,314.0,0.0
L08_CONTINUOUS_COVER_LEFT,lining,1,12,135.6,1531.6,0.0
L08_CONTINUOUS_COVER_RIGHT,lining,1,12,135.6,1531.6,0.0
S08_WRAP_-1_O1,outer,1,12,330.0,589.1,1.812
S08_WRAP_-1_I1,lining,1,12,327.0,589.2,1.907
S08_WRAP_-1_W1,insulation,1,0,297.5,555.2,1.859
S08_WRAP_-1_O2,outer,1,12,324.9,554.3,0.322
S08_WRAP_-1_I2,lining,1,12,323.7,562.0,0.319
S08_WRAP_-1_W2,insulation,1,0,298.5,529.8,0.321
S08_WRAP_-1_START,lining,1,12,105.5,360.1,0.0
S08_WRAP_-1_END,lining,1,12,123.8,604.6,0.0
S08_WRAP_-1_LEFT,lining,1,12,195.6,578.0,0.0
S08_WRAP_-1_RIGHT,lining,1,12,93.1,616.4,0.0
S08_WRAP_1_O1,outer,1,12,319.6,609.2,0.321
S08_WRAP_1_I1,lining,1,12,316.7,616.1,0.319
S08_WRAP_1_W1,insulation,1,0,287.1,579.8,0.321
S08_WRAP_1_O2,outer,1,12,361.2,533.2,1.813
S08_WRAP_1_I2,lining,1,12,355.2,538.2,1.908
S08_WRAP_1_W2,insulation,1,0,331.4,506.1,1.86
S08_WRAP_1_START,lining,1,12,105.5,360.1,0.0
S08_WRAP_1_END,lining,1,12,123.8,604.6,0.0
S08_WRAP_1_LEFT,lining,1,12,93.1,616.4,0.0
S08_WRAP_1_RIGHT,lining,1,12,195.6,578.0,0.0
G08_FOREARM_GUSSET_-1_O1,outer,1,12,377.7,394.9,1.977
G08_FOREARM_GUSSET_-1_I1,lining,1,12,377.7,394.9,1.977
G08_FOREARM_GUSSET_-1_W1,insulation,1,0,350.1,366.1,1.977
G08_FOREARM_GUSSET_-1_START,lining,1,12,42.8,298.5,0.0
G08_FOREARM_GUSSET_-1_END,lining,1,12,38.3,417.1,0.0
G08_FOREARM_GUSSET_-1_LEFT,lining,1,12,61.6,376.7,0.0
G08_FOREARM_GUSSET_-1_RIGHT,lining,1,12,42.6,351.3,0.0
G08_FOREARM_GUSSET_1_O1,outer,1,12,377.3,383.5,1.979
G08_FOREARM_GUSSET_1_I1,lining,1,12,377.3,383.5,1.979
G08_FOREARM_GUSSET_1_W1,insulation,1,0,350.1,355.5,1.979
G08_FOREARM_GUSSET_1_START,lining,1,12,42.8,298.5,0.0
G08_FOREARM_GUSSET_1_END,lining,1,12,38.3,417.1,0.0
G08_FOREARM_GUSSET_1_LEFT,lining,1,12,42.6,351.3,0.0
G08_FOREARM_GUSSET_1_RIGHT,lining,1,12,61.6,376.7,0.0
K08_FLAP_OUTER,outer,1,12,556.3,327.9,0.0
K08_FLAP_LINING,lining,1,12,556.3,327.9,0.0
K08_FLAP_INSULATION,insulation,1,0,532.3,303.8,0.0
Z01_MAIN_RIGHT_GUARD,lining,1,12,89.0,1700.1,0.0
Z01_MAIN_RIGHT_TAPE,technical,1,12,54.0,1700.1,0.0
Z02_HOOD_SERVICE_GUARD,lining,1,12,89.0,1136.4,0.0
Z02_HOOD_SERVICE_TAPE,technical,1,12,54.0,1136.4,0.0
Z03_FILL_SERVICE_GUARD,lining,1,12,89.0,701.0,0.0
Z03_FILL_SERVICE_TAPE,technical,1,12,54.0,701.0,0.0
Z04_ELECTRIC_SERVICE_GUARD,lining,1,12,89.0,380.0,0.0
Z04_ELECTRIC_SERVICE_TAPE,technical,1,12,54.0,380.0,0.0
W01_POWER_TO_DESK_CHANNEL,technical,1,12,74.0,882.0,0.0
W02_USB_DATA_CHANNEL,technical,1,12,74.0,926.9,0.0
W03_BACK_HEATER_CHANNEL,technical,1,12,74.0,840.6,0.0
W04_SEAT_HEATER_CHANNEL,technical,1,12,74.0,569.2,0.0
W05_BACK_NTC_CHANNEL,technical,1,12,74.0,625.6,0.0
W06_SEAT_NTC_CHANNEL,technical,1,12,74.0,561.6,0.0
