time_s,max_displacement_m,max_step_motion_m,max_speed_m_s
0.008333333333333333,0.0007853262805928558,0.0007853262805928558,0.09188317482936414
0.016666666666666666,0.0026528628453829604,0.0018752782640118833,0.21940755688939031
0.025,0.004782433059766781,0.002135031733480242,0.24979871281718838
0.03333333333333333,0.006638423064253982,0.002137476403759803,0.25008473923989694
0.041666666666666664,0.008333883529391682,0.002522998723653424,0.2951908506674506
0.05,0.01059001248228769,0.0028460871587286914,0.33299219757125686
0.058333333333333334,0.013584648391050844,0.003658398460602883,0.4280326198905373
0.06666666666666667,0.01665854840694939,0.0035866602405137944,0.41963924814011394
0.075,0.01971816438308885,0.003778670820563036,0.4421044860058752
0.08333333333333333,0.022655687634426578,0.004033386668519006,0.47190624021672367
0.09166666666666666,0.025752339327199242,0.00444867424788917,0.5204948870030328
0.1,0.02985774006687344,0.0044931099131290215,0.5256938598360955
0.10833333333333334,0.03166640031619182,0.004315899193936057,0.5049602056905187
0.11666666666666667,0.03422885831990638,0.0035012176440658528,0.4096424643557048
0.125,0.03505602335701695,0.0034283457113413528,0.4011164482269383
0.13333333333333333,0.035383231994966256,0.003345891051707243,0.3914692530497474
0.14166666666666666,0.03478851596496996,0.004406050258409416,0.5155078802339017
0.15,0.03501346708716188,0.004022200199797053,0.47059742337625515
0.15833333333333333,0.033959125638660805,0.0037776993853168017,0.4419908280820658
0.16666666666666666,0.03236491228943807,0.0039137552069930396,0.45790935921818565
0.175,0.032782559654514834,0.003347864919415606,0.39170019557162594
0.18333333333333332,0.03276513926303892,0.003339447481935678,0.39071535538647434
0.19166666666666665,0.03246245108591112,0.0026783920597744106,0.3133718709936061
0.2,0.031985935843063966,0.002277744120432371,0.26649606209058746
0.20833333333333334,0.03138770093687557,0.0021349552609055415,0.2497897655259484
0.21666666666666667,0.031741380254870444,0.0017031136089605248,0.1992642922483814
0.225,0.03204302320895464,0.0012234152586194408,0.14313958525847456
0.23333333333333334,0.03230553969808799,0.001204461085639058,0.1409219470197698
0.24166666666666667,0.032614614615930904,0.0012440280066122107,0.14555127677362864
0.25,0.03302131223611072,0.0012479746367433722,0.14601303249897454
0.2583333333333333,0.03380648712919717,0.0012620136414625107,0.14765559605111375
0.26666666666666666,0.0343792570320618,0.0014001740492532186,0.1638203637626266
0.275,0.03467783162130626,0.0015095981678503814,0.17662298563849463
0.2833333333333333,0.034683654463339014,0.0014979624257820984,0.1752616038165055
0.2916666666666667,0.0350231242420763,0.001259081445300344,0.14731252910014023
0.3,0.03540989769906857,0.0008817232716060908,0.10316162277791262
0.30833333333333335,0.035611226260393494,0.0009009804289541433,0.10541471018763476
0.31666666666666665,0.035637862230071087,0.001117394461033581,0.13073515194092897
0.325,0.03551319591283481,0.0012156546630447621,0.14223159557623716
0.3333333333333333,0.03527114488239684,0.0012002024598297522,0.14042368780008102
0.3416666666666667,0.034950491796757806,0.0011133053782726974,0.1302567292579056
0.35,0.034588421210609024,0.0010027667557460467,0.11732371042228748
0.35833333333333334,0.034216497725699714,0.0008751785122423068,0.1023958859323499
0.36666666666666664,0.03385996717135425,0.0007344050491972252,0.08592539075607535
0.375,0.03353902078017192,0.0006912691788133819,0.08087849392116568
0.3833333333333333,0.03327007961982933,0.0007187064737479539,0.08408865742851061
0.39166666666666666,0.03306598860169653,0.0007110620735257627,0.08319426260251424
0.4,0.0329351903213118,0.0006766850756027412,0.07917215384552072
0.4083333333333333,0.03292417543428679,0.0006015818073321377,0.07038507145786012
0.4166666666666667,0.03306233522728155,0.0005195303577895093,0.06078505186137259
0.425,0.03327519125930076,0.0004284302084185263,0.05012633438496758
0.43333333333333335,0.033529847569370136,0.00038938466929528293,0.045558006307548096
0.44166666666666665,0.0338062685751386,0.00036148376384872067,0.04229360037030031
0.45,0.03408332635737106,0.0003721966467626507,0.04354700767123013
0.4583333333333333,0.034340496283415844,0.00037294579771809537,0.043634658333017155
0.4666666666666667,0.034559540688507626,0.00036505872301549044,0.04271187059281238
0.475,0.034726038539754235,0.0003663160005130315,0.04285897206002469
0.48333333333333334,0.03483056128394381,0.00039148503139004335,0.04580374867263507
0.49166666666666664,0.03486929726037542,0.00041876767961486434,0.04899581851493913
0.5,0.034844035190553194,0.0004887820941396094,0.0571875050143343
0.5083333333333333,0.03476155945867426,0.0005434793830652754,0.06358708781863721
0.5166666666666666,0.034632609775175294,0.0005751415818273599,0.0672915650738011
0.525,0.03447059982168853,0.0005848684351369867,0.06842960691102742
0.5333333333333333,0.03429028195610459,0.0005720812076144615,0.066933501290892
0.5416666666666666,0.03410650029433078,0.0005567633930687555,0.0651413169890444
0.55,0.033993885159182634,0.0005281667128018161,0.061795505397812485
0.5583333333333333,0.033887311028064776,0.0005007171173735659,0.058583902732707194
0.5666666666666667,0.03378817690965677,0.00045101619705684935,0.05276889505565137
0.575,0.033702445094445095,0.00039706748819622615,0.04645689611895846
0.5833333333333334,0.03376737085576159,0.00033759905657715095,0.03949908961952666
0.5916666666666667,0.03384645172465387,0.00031190100088388314,0.036492417103414325
0.6,0.03390791127419907,0.0002733193576393624,0.0319783648438054
0.6083333333333333,0.033949531170020225,0.000218735207296167,0.025592019253651538
0.6166666666666667,0.03396976540335618,0.00022232872905408578,0.026012461299328035
0.625,0.033967787389345395,0.00025429464058947157,0.02975247294896817
0.6333333333333333,0.03395876098068548,0.0002756209566785391,0.03224765193138907
0.6416666666666666,0.034067529381969566,0.000299058269384385,0.034989817517973046
0.65,0.03416668713296832,0.0003113648636580854,0.03642968904799599
0.6583333333333333,0.034251148558801,0.00031376651109596095,0.03671068179822743
0.6666666666666666,0.03431770243414107,0.0003072643813968778,0.0359499326234347
0.675,0.0343649274575026,0.00028695913364830633,0.03357421863685184
0.6833333333333333,0.034392941414247605,0.000291787630315052,0.034139152746861086
0.6916666666666667,0.03440306245943255,0.00030472409511978,0.03565271912901426
0.7,0.03439745806696383,0.0003066706196200332,0.03588046249554389
0.7083333333333334,0.03437883664184964,0.0002987414577363952,0.034952750555158243
0.7166666666666667,0.03435020762001605,0.00028265598184905793,0.033070749876339775
0.725,0.034314707370727046,0.00026113356083179527,0.030552626617320045
0.7333333333333333,0.0342754680318397,0.00023726310568993595,0.027759783365722508
0.7416666666666667,0.03423549956222723,0.00021297082028189294,0.024917585972981472
0.75,0.03419756251013534,0.0001998514651355345,0.023382621420857536
0.7583333333333333,0.03416402594161983,0.00018849863250884247,0.02205434000353457
0.7666666666666666,0.03413672390984361,0.00017106886288840062,0.02001505695794287
0.775,0.03411683686582148,0.00015811311693827315,0.018499234681777957
0.7833333333333333,0.03410482653417586,0.00014555538358348256,0.01702997987926746
0.7916666666666666,0.03410044365377919,0.0001302894372761541,0.015243864161310027
0.8,0.03410281169216324,0.00012254953854427144,0.014338296009679757
0.8083333333333333,0.03411057272607622,0.00011929258406797532,0.013957232335953113
0.8166666666666667,0.034122070187946905,0.00011666695971642223,0.013650034286821402
0.825,0.03413554006030349,0.00011744135605228907,0.01374063865811782
0.8333333333333334,0.03414928634833442,0.00011671363152469623,0.01365549488838946
0.8416666666666667,0.03416182464955754,0.00011448528443687576,0.013394778279114464
0.85,0.034171985617122175,0.00011070542065620687,0.012952534216776203
0.8583333333333333,0.03417897604177547,0.00010536549859647984,0.012327763335788142
0.8666666666666667,0.03418239904100776,0.00010137526641163132,0.011860906170160864
0.875,0.03418223728142777,0.00011012963155416776,0.012885166891837628
0.8833333333333333,0.03417880504495902,0.00011550942656923928,0.013514602908600995
0.8916666666666666,0.03417267659184507,0.00011838755337281237,0.013851343744619047
0.9,0.03416459963415575,0.00012113970896232486,0.01417334594859201
0.9083333333333333,0.03415540355881573,0.00012460267895391316,0.014578513437607842
0.9166666666666666,0.03414591191472388,0.00012476858746548892,0.0145979247334622
0.9249999999999999,0.03413686737161041,0.00012184170414352639,0.014255479384792588
0.9333333333333333,0.03412887516180618,0.000116138841538048,0.013588244459951616
0.9416666666666667,0.03412236838878944,0.00010807216101075099,0.012644442838257865
0.95,0.03411759573584888,0.00011307247817078983,0.01322947994598241
0.9583333333333334,0.034114629277878096,0.00014561676031387246,0.01703716095672308
0.9666666666666667,0.03411338783806373,0.00018116945909289015,0.02119682671386815
0.975,0.03411367022025272,0.00020580827055881703,0.02407956765538159
0.9833333333333333,0.034115192997717605,0.0001920756340702002,0.022472849186213423
0.9916666666666667,0.03411762865496677,0.00013122810148791592,0.01535368787408616
1.0,0.03412063947041622,6.164413914889914e-05,0.0072123642804212
1.0083333333333333,0.034123904310243425,6.333450836117957e-05,0.007410137478258009
1.0166666666666666,0.03412714225278417,6.558945475183188e-05,0.00767396620596433
1.025,0.03413013328162947,6.706630334267872e-05,0.00784675749109341
1.0333333333333332,0.03413272921220065,6.622793083925802e-05,0.007748667908193189
1.0416666666666667,0.03413485389697914,6.336464188549626e-05,0.007413663100603063
1.05,0.034136498282467474,5.851473862367633e-05,0.006846224418970131
1.0583333333333333,0.03413771397140265,6.139112079015816e-05,0.007182761132448505
1.0666666666666667,0.03413860467857413,6.881395546712311e-05,0.008051232789653404
1.075,0.03413931380050285,7.400264492808656e-05,0.008658309456586128
1.0833333333333333,0.03414000799910468,7.689438293157902e-05,0.008996642802994744
1.0916666666666666,0.03414085872697283,7.75961582240205e-05,0.009078750512210399
1.1,0.03414202424907747,7.627664220520878e-05,0.008924367138009428
1.1083333333333334,0.03414363400079001,7.31524309285657e-05,0.008558834418642188
1.1166666666666667,0.03414577619724791,6.855731634372613e-05,0.008021206012215957
1.125,0.03414848919882372,6.276851816118774e-05,0.007343916624858965
1.1333333333333333,0.03415175706922483,5.8380761679038025e-05,0.006830549116447449
1.1416666666666666,0.034155509636722585,5.6452999960635895e-05,0.0066050009953944
1.15,0.03415962709718163,5.350149460604045e-05,0.006259674868906733
1.1583333333333332,0.03416394887838227,4.9659257227455183e-05,0.005810133095612256
1.1666666666666667,0.03416828615708605,4.5079652375855566e-05,0.0052743193279751015
1.175,0.0341724370587863,4.52340583273079e-05,0.005292384824295024
1.1833333333333333,0.03417620319551013,4.4516235212047077e-05,0.005208399519809508
1.1916666666666667,0.03417940591293373,4.259450269193275e-05,0.004983556814956132
1.2,0.034181900557762025,3.957818391726837e-05,0.004630647518320399
1.2083333333333333,0.03418358731071085,3.56126603282411e-05,0.004166681258404209
1.2166666666666666,0.034184417612071874,3.381527647150312e-05,0.003956387347165865
1.225,0.034184395802321445,3.130095182849237e-05,0.003662211363933607
1.2333333333333334,0.03418357617341431,3.2327286632039966e-05,0.003782292535948676
1.2416666666666667,0.03418205609184758,3.258388487269547e-05,0.00381231453010537
1.25,0.034179966176186474,3.1786473222413e-05,0.003719017367022321
1.2583333333333333,0.03417745868047602,2.9965952525499646e-05,0.0035060164454834585
1.2666666666666666,0.03417469525822362,2.775912567610117e-05,0.0032478177041038374
1.275,0.03417183518273608,2.7039177972808884e-05,0.0031635838228186394
1.2833333333333332,0.03416902491464691,2.583440629361568e-05,0.003022625536353035
1.2916666666666667,0.034166389675714254,2.919296985254912e-05,0.0034155774727482467
1.3,0.03416402744183525,3.207227238606357e-05,0.003752455869169438
1.3083333333333333,0.03416200552957163,3.430684761285133e-05,0.004013901170703605
1.3166666666666667,0.03416035973306598,3.585165983881989e-05,0.004194644201141927
1.325,0.03415909578209931,3.667610101444913e-05,0.004291103818690549
1.3333333333333333,0.03415819274577491,3.676646655126956e-05,0.004301676586498538
1.3416666666666666,0.03415760790655739,3.6127765367304224e-05,0.004226948547974594
1.35,0.03415728257899095,3.478462049896191e-05,0.004069800598378544
1.3583333333333334,0.03415714834451748,3.2781109142773205e-05,0.003835389769704465
1.3666666666666667,0.034157133211887916,3.017950516001155e-05,0.003531002103721351
1.375,0.03415716728238639,2.722238127823976e-05,0.0031850186095540517
1.3833333333333333,0.03415718758963771,2.6666769971628586e-05,0.0031200120866805444
1.3916666666666666,0.03415714188441795,2.6302016037734048e-05,0.003077335876414884
1.4,0.03415699123614177,2.5498861637480707e-05,0.0029833668115852425
1.4083333333333332,0.03415671141721528,2.4102706283046788e-05,0.002820016635116474
1.4166666666666667,0.03415629311921419,2.220838216938315e-05,0.002598380713817828
1.425,0.034155741118429624,1.9918847172655572e-05,0.002330505119200702
1.4333333333333333,0.034155072561585086,1.733987973241676e-05,0.0020287659286927612
1.4416666666666667,0.03415431458037616,1.4575474329838543e-05,0.0017053304965911095
1.45,0.03415350146575407,1.204215198524441e-05,0.001408931782273596
1.4583333333333333,0.034152671639618874,1.1447843762070008e-05,0.001339397720162191
1.4666666666666666,0.034151864652860166,1.4104888796211328e-05,0.0016502719891567253
1.475,0.03415111841539258,1.633369540544363e-05,0.0019110423624369049
1.4833333333333334,0.03415046682778723,1.8118172087533322e-05,0.002119826134241399
1.4916666666666667,0.034149937938341826,1.9454825400118056e-05,0.0022762145718138124
1.5,0.03414955269802269,2.0351100513604983e-05,0.002381078760091783
1.5083333333333333,0.034149324333263904,2.082389660552282e-05,0.00243639590284617
1.5166666666666666,0.03414925830770024,2.0898055705812856e-05,0.002445072517580104
1.525,0.034149352802501275,2.0604803536585812e-05,0.0024107620137805404
1.5333333333333332,0.034149599613996016,1.9980171246239728e-05,0.002337680035810048
1.5416666666666667,0.03414998534826907,1.9063444248292894e-05,0.0022304229770502685
1.55,0.03415049278562844,1.7895689630254094e-05,0.002093795686739729
1.5583333333333333,0.034151102292367105,1.6518412618341692e-05,0.001932654276345978
1.5666666666666667,0.03415179317110324,1.574163920911837e-05,0.001841771787466849
1.575,0.03415254486177088,1.5954280743362446e-05,0.0018666508469734064
1.5833333333333333,0.0341533379301709,1.5894589158749463e-05,0.0018596669315736872
1.5916666666666666,0.03415415480724222,1.5580879050497632e-05,0.0018229628489082228
1.6,0.03415498026727804,1.5092166485839055e-05,0.0017657834788431695
1.6083333333333334,0.0341558016553542,1.4450515209163949e-05,0.0016907102794721822
1.6166666666666667,0.034156608891772855,1.3636593801658515e-05,0.0015954814747940465
1.625,0.03415739429373788,1.2683018943097818e-05,0.0014839132163424447
1.6333333333333333,0.03415815226154754,1.2651140734397527e-05,0.0014801834659245107
1.6416666666666666,0.034158878878775306,1.274506921055786e-05,0.0014911730976352698
1.65,0.03415957147387748,1.2662109983448381e-05,0.0014814668680634604
1.6583333333333332,0.03416022818539054,1.2408608882843708e-05,0.0014518072392927137
1.6666666666666667,0.034160847565325746,1.312071379716858e-05,0.001535123514268724
1.675,0.03416142824651469,1.3555628418381234e-05,0.0015860085249506043
1.6833333333333333,0.03416196869037037,1.3705269749907532e-05,0.0016035165607391814
1.6916666666666667,0.034162467022517774,1.3568432975741717e-05,0.001587506658161781
1.7,0.034162920955626494,1.3150710378222788e-05,0.0015386331142520661
1.7083333333333333,0.03416332779201228,1.2464261840359897e-05,0.001458318635322108
1.7166666666666666,0.03416368449342364,1.1527436104034351e-05,0.0013487100241720191
1.7249999999999999,0.03416398780217818,1.111301582167182e-05,0.001300222851135603
1.7333333333333334,0.03416423439641136,1.126032073923129e-05,0.0013174575264900611
1.7416666666666667,0.034164421062553775,1.1234148977604232e-05,0.0013143954303796953
1.75,0.034164544870085904,1.1035875090046623e-05,0.001291197385535455
1.7583333333333333,0.034164603336619206,1.0669512786475265e-05,0.0012483329960176058
1.7666666666666666,0.03416459457502536,1.0141869820253293e-05,0.0011865987689696352
1.775,0.03416451741812543,9.462610512177336e-06,0.0011071254299247484
1.7833333333333332,0.03416437151984406,8.644216811460848e-06,0.0010113733669409191
1.7916666666666667,0.03416415743431026,7.70184600409156e-06,0.0009011159824787125
1.8,0.03416387667590046,6.653090568586818e-06,0.0007784115965246577
1.8083333333333333,0.03416353176349029,6.764080234108315e-06,0.0007913973873906727
1.8166666666666667,0.0341631262514094,7.418430021598129e-06,0.0008679563125269811
1.825,0.03416266474790617,8.37131848455539e-06,0.0009794442626929805
1.8333333333333333,0.03416215291981085,9.254711728131771e-06,0.0010828012721914172
1.8416666666666666,0.03416159747990317,9.917892362461021e-06,0.0011603934064079394
1.8499999999999999,0.03416100615169941,1.0354172807657265e-05,0.0012114382184959
1.8583333333333334,0.03416038760538534,1.057455709212664e-05,0.001237223179778817
1.8666666666666667,0.034159751358601116,1.0570980333296985e-05,0.0012368046989957471
1.875,0.03415910763696626,1.0351702020962783e-05,0.0012111491364526457
1.8833333333333333,0.03415846719142383,9.93057354549906e-06,0.00116187710482339
1.8916666666666666,0.03415784107259415,9.325624757561355e-06,0.0010910980966346785
1.9,0.03415724036601622,8.563369089939214e-06,0.0010019141835228879
1.9083333333333332,0.0341566758959761,7.666941829057715e-06,0.0008970321939997528
1.9166666666666667,0.03415615790925388,7.368499920316788e-06,0.0008621144906770642
1.925,0.03415569575307502,7.620546751470099e-06,0.0008916039699220016
1.9333333333333333,0.03415529756356831,7.728444113665598e-06,0.000904227961298875
1.9416666666666667,0.034154969981842066,7.695723008693715e-06,0.0009003995920171646
1.95,0.03415471791429067,7.528502380156908e-06,0.0008808347784783584
1.9583333333333333,0.034154544351948646,7.235233506586238e-06,0.0008465223202705898
1.9666666666666666,0.03415445026075106,6.826405123776438e-06,0.0007986893994818433
1.9749999999999999,0.03415443455065882,6.314220161240787e-06,0.0007387637588651721
1.9833333333333334,0.03415449412708285,5.712255083492341e-06,0.0006683338447686038
1.9916666666666667,0.03415462402324723,5.035112457226737e-06,0.0005891081574955283
2.0,0.03415481760740791,4.298076652522772e-06,0.0005028749683451643
