piece,vertex1,vertex2,edge_treatment,mate_or_opening,segment_length_mm
O06A,0,2,ZIPPER,O05,158.602
O06A,2,4,ZIPPER,O05,158.602
O06A,4,6,ZIPPER,O05,152.544
O06A,6,8,ZIPPER,O05,152.544
O06A,8,10,ZIPPER,O05,152.059
O06A,10,12,ZIPPER,O05,152.059
O06A,12,13,ZIPPER,O06B,120.585
O06A,1,0,BINDING,HEAD_OPENING,141.232
O07A,12,13,ZIPPER,O07B,129.826
O07A,1,0,BINDING,HEAD_OPENING,141.292
O08A,12,13,ZIPPER,O08B,135.007
O08A,1,0,BINDING,HEAD_OPENING,141.328
O09A,12,13,ZIPPER,O09B,135.007
O09A,1,0,BINDING,HEAD_OPENING,141.328
O10A,12,13,ZIPPER,O10B,129.826
O10A,1,0,BINDING,HEAD_OPENING,141.292
O11A,12,13,ZIPPER,O11B,120.585
O11A,13,11,ZIPPER,O12,152.059
O11A,11,9,ZIPPER,O12,152.059
O11A,9,7,ZIPPER,O12,152.544
O11A,7,5,ZIPPER,O12,152.544
O11A,5,3,ZIPPER,O12,158.602
O11A,3,1,ZIPPER,O12,158.602
O11A,1,0,BINDING,HEAD_OPENING,141.232
