material,id,roll_width_mm,x_mm,y_mm,rotation_deg
outer,O05,1500,20.0,20.0,90
outer,O12,1500,452.0,20.0,90
outer,O04,1500,852.0,20.0,270
outer,O13,1500,484.0,980.0,270
outer,O16,1500,1140.0,276.0,90
outer,O01,1500,20.0,1972.0,270
outer,H01,1500,900.0,2780.0,90
outer,O03,1500,324.0,2940.0,270
outer,O14,1500,1060.0,3492.0,270
outer,O02,1500,588.0,3492.0,270
outer,O15,1500,76.0,4092.0,270
outer,O08A,1500,348.0,220.0,270
outer,O09A,1500,908.0,3636.0,90
outer,O07A,1500,388.0,5556.0,270
outer,O10A,1500,908.0,5708.0,270
outer,O06A,1500,716.0,5964.0,270
outer,O11A,1500,1108.0,5996.0,270
outer,OHEAD,1500,20.0,6524.0,270
outer,O09B,1500,556.0,6468.0,270
outer,O08B,1500,1284.0,6604.0,270
outer,O10B,1500,340.0,6644.0,270
outer,O07B,1500,932.0,4628.0,90
outer,O11B,1500,916.0,6700.0,270
outer,O06B,1500,732.0,6956.0,270
outer,OFOOT,1500,36.0,6988.0,90
floor,OF,1500,20.0,20.0,90
lining,LF,1500,20.0,20.0,90
lining,L05,1500,812.0,20.0,90
lining,L12,1500,524.0,1052.0,270
lining,L04,1500,1028.0,20.0,90
lining,L13,1500,20.0,2188.0,90
lining,H02,1500,860.0,2772.0,90
lining,L16,1500,340.0,2476.0,270
lining,L01,1500,524.0,3444.0,270
lining,L03,1500,1068.0,3500.0,90
lining,L14,1500,716.0,4276.0,270
lining,L15,1500,164.0,4588.0,90
lining,L02,1500,1012.0,5212.0,270
lining,L08A,1500,68.0,4868.0,270
lining,L09A,1500,20.0,5868.0,90
lining,L07A,1500,460.0,5948.0,270
lining,L10A,1500,652.0,6644.0,270
lining,L06A,1500,324.0,6916.0,270
lining,L11A,1500,100.0,7132.0,90
lining,L09B,1500,908.0,1716.0,270
lining,L08B,1500,972.0,5524.0,270
lining,L10B,1500,836.0,6804.0,270
lining,L07B,1500,1284.0,7420.0,270
lining,L11B,1500,508.0,7412.0,270
lining,L06B,1500,684.0,7636.0,270
lining,LHEAD,1500,964.0,7756.0,90
lining,LFOOT,1500,812.0,3796.0,90
cushion,MT,1500,20.0,20.0,90
cushion,MB,1500,740.0,468.0,270
cushion,WSLOPE,1500,20.0,2268.0,90
cushion,WBASE,1500,636.0,2716.0,90
cushion,WBACK,1500,20.0,3364.0,90
cushion,MG_RIGHT,1500,1252.0,2716.0,90
cushion,MG_LEFT,1500,636.0,3620.0,90
cushion,WLEFT,1500,20.0,4012.0,90
cushion,WRIGHT,1500,44.0,4628.0,270
cushion,ARM_LEFT_IN,1500,788.0,3620.0,90
cushion,ARM_LEFT_OUT,1500,788.0,4076.0,90
cushion,ARM_RIGHT_IN,1500,788.0,4532.0,90
cushion,ARM_RIGHT_OUT,1500,788.0,4988.0,90
cushion,ARM_LEFT_TOP,1500,748.0,20.0,90
cushion,ARM_LEFT_BOTTOM,1500,1276.0,20.0,90
cushion,ARM_RIGHT_TOP,1500,788.0,5444.0,90
cushion,ARM_RIGHT_BOTTOM,1500,948.0,5444.0,90
cushion,ARM_LEFT_HEAD,1500,908.0,20.0,90
cushion,ARM_LEFT_FOOT,1500,1068.0,20.0,90
cushion,ARM_RIGHT_HEAD,1500,1108.0,5452.0,90
cushion,ARM_RIGHT_FOOT,1500,1268.0,5452.0,90
mesh,TRAY_TOP,1500,20.0,20.0,90
mesh,TRAY_BOTTOM,1500,532.0,20.0,90
heater_carrier,HZ1,1500,20.0,20.0,90
heater_carrier,HZ0,1500,572.0,20.0,90
heater_carrier,HZ3,1500,1100.0,20.0,90
heater_carrier,HZ2,1500,572.0,916.0,90
insulation,I05,1500,20.0,20.0,90
insulation,I12,1500,412.0,20.0,90
insulation,I04,1500,780.0,20.0,270
insulation,I13,1500,1100.0,276.0,270
insulation,I16,1500,548.0,1012.0,270
insulation,I01,1500,20.0,1212.0,270
insulation,I03,1500,1036.0,2388.0,270
insulation,I14,1500,692.0,2452.0,270
insulation,I02,1500,292.0,2732.0,270
insulation,I15,1500,84.0,3180.0,270
insulation,I08A,1500,924.0,20.0,270
insulation,I09A,1500,1076.0,20.0,90
insulation,I07A,1500,316.0,156.0,270
insulation,I10A,1500,716.0,1372.0,270
insulation,I06A,1500,1268.0,2900.0,270
insulation,I11A,1500,964.0,3100.0,270
insulation,IHEAD,1500,964.0,972.0,90
insulation,I09B,1500,1236.0,20.0,90
insulation,I08B,1500,20.0,1980.0,90
insulation,I10B,1500,564.0,3316.0,270
insulation,I07B,1500,284.0,3452.0,270
insulation,I11B,1500,20.0,3676.0,90
insulation,I06B,1500,1332.0,4524.0,270
insulation,IFOOT,1500,900.0,4044.0,90
