id,material,qty,seam_allowance_mm,sew_area_m2,cut_area_m2,max_edge_error_mm,CAD_source_panel
O01,outer,1,12,0.2738,0.33599,4.26325641e-13,O01
O02,outer,1,12,0.2681,0.33182,6.82121026e-13,O02
O03,outer,1,12,0.26981,0.33517,6.25277607e-13,O03
O04,outer,1,12,0.28047,0.34747,7.10542736e-13,O04
O05,outer,1,12,0.29802,0.36651,7.95807864e-13,O05
O06A,outer,1,12,0.11997,0.14602,1.70530257e-13,O06A
O06B,outer,1,12,0.0857,0.11011,1.42108547e-13,O06B
O07A,outer,1,12,0.12722,0.15353,1.70530257e-13,O07A
O07B,outer,1,12,0.09141,0.11581,1.13686838e-13,O07B
O08A,outer,1,12,0.13149,0.15794,1.42108547e-13,O08A
O08B,outer,1,12,0.09458,0.11896,1.70530257e-13,O08B
O09A,outer,1,12,0.13149,0.15794,1.42108547e-13,O09A
O09B,outer,1,12,0.09458,0.11896,1.56319402e-13,O09B
O10A,outer,1,12,0.12721,0.15352,8.52651283e-14,O10A
O10B,outer,1,12,0.09141,0.11581,1.42108547e-13,O10B
O11A,outer,1,12,0.11996,0.14601,1.70530257e-13,O11A
O11B,outer,1,12,0.0857,0.11011,1.70530257e-13,O11B
O12,outer,1,12,0.29801,0.3665,4.8316906e-13,O12
O13,outer,1,12,0.28047,0.34747,5.68434189e-13,O13
O14,outer,1,12,0.26981,0.33517,5.96855898e-13,O14
O15,outer,1,12,0.2681,0.33182,5.82645043e-13,O15
O16,outer,1,12,0.2738,0.336,6.11066753e-13,O16
OF,floor,1,12,1.59927,1.66626,2.27373675e-13,OF
OHEAD,outer,1,12,0.10473,0.11956,1.13686838e-13,OHEAD
OFOOT,outer,1,12,0.06118,0.07262,5.68434189e-14,OFOOT
L01,lining,1,12,0.25948,0.32153,4.8316906e-13,L01
L02,lining,1,12,0.25281,0.31639,6.53699317e-13,L02
L03,lining,1,12,0.25393,0.31915,3.69482223e-13,L03
L04,lining,1,12,0.26457,0.33143,6.82121026e-13,L04
L05,lining,1,12,0.28248,0.35082,3.26849658e-13,L05
L06A,lining,1,12,0.11497,0.14088,8.52651283e-14,L06A
L06B,lining,1,12,0.08076,0.10505,1.98951966e-13,L06B
L07A,lining,1,12,0.12236,0.14854,1.98951966e-13,L07A
L07B,lining,1,12,0.0867,0.11098,1.42108547e-13,L07B
L08A,lining,1,12,0.1267,0.15303,1.98951966e-13,L08A
L08B,lining,1,12,0.08999,0.11425,1.70530257e-13,L08B
L09A,lining,1,12,0.1267,0.15303,1.13686838e-13,L09A
L09B,lining,1,12,0.08999,0.11425,1.70530257e-13,L09B
L10A,lining,1,12,0.12236,0.14854,1.70530257e-13,L10A
L10B,lining,1,12,0.0867,0.11098,8.52651283e-14,L10B
L11A,lining,1,12,0.11496,0.14088,1.70530257e-13,L11A
L11B,lining,1,12,0.08076,0.10505,8.52651283e-14,L11B
L12,lining,1,12,0.28247,0.35081,5.54223334e-13,L12
L13,lining,1,12,0.26457,0.33142,4.8316906e-13,L13
L14,lining,1,12,0.25393,0.31915,7.531753e-13,L14
L15,lining,1,12,0.25281,0.31639,5.1159077e-13,L15
L16,lining,1,12,0.25948,0.32154,6.25277607e-13,L16
LF,lining,1,12,1.53419,1.60051,4.40536496e-13,LF
LHEAD,lining,1,12,0.08427,0.09766,6.39488462e-14,LHEAD
LFOOT,lining,1,12,0.0458,0.0558,1.13686838e-13,LFOOT
MT,cushion,1,12,1.36979,1.43348,2.55795385e-13,MT
MB,cushion,1,12,1.36979,1.43348,2.55795385e-13,MB
MG_LEFT,cushion,1,12,0.24789,0.31275,2.84217094e-13,MG_LEFT
MG_RIGHT,cushion,1,12,0.25786,0.3252,1.98951966e-13,MG_RIGHT
WLEFT,cushion,1,12,0.255,0.28576,0,WLEFT
WRIGHT,cushion,1,12,0.255,0.28576,0,WRIGHT
WBASE,cushion,1,12,0.476,0.51042,0,WBASE
WBACK,cushion,1,12,0.336,0.36442,0,WBACK
WSLOPE,cushion,1,12,0.58264,0.62163,0,WSLOPE
ARM_LEFT_TOP,cushion,1,12,0.044,0.05682,0,ARM_LEFT_TOP
ARM_LEFT_BOTTOM,cushion,1,12,0.044,0.05682,0,ARM_LEFT_BOTTOM
ARM_LEFT_IN,cushion,1,12,0.116,0.13314,0,ARM_LEFT_IN
ARM_LEFT_OUT,cushion,1,12,0.116,0.13314,0,ARM_LEFT_OUT
ARM_LEFT_HEAD,cushion,1,12,0.0319,0.04208,0,ARM_LEFT_HEAD
ARM_LEFT_FOOT,cushion,1,12,0.0319,0.04208,0,ARM_LEFT_FOOT
ARM_RIGHT_TOP,cushion,1,12,0.044,0.05682,0,ARM_RIGHT_TOP
ARM_RIGHT_BOTTOM,cushion,1,12,0.044,0.05682,0,ARM_RIGHT_BOTTOM
ARM_RIGHT_IN,cushion,1,12,0.116,0.13314,0,ARM_RIGHT_IN
ARM_RIGHT_OUT,cushion,1,12,0.116,0.13314,0,ARM_RIGHT_OUT
ARM_RIGHT_HEAD,cushion,1,12,0.0319,0.04208,0,ARM_RIGHT_HEAD
ARM_RIGHT_FOOT,cushion,1,12,0.0319,0.04208,0,ARM_RIGHT_FOOT
H01,outer,1,12,0.30683,0.3359,1.13686838e-13,H01
H02,lining,1,12,0.30086,0.32956,1.13686838e-13,H02
TRAY_TOP,mesh,1,12,0.3312,0.3601,0,TRAY_TOP
TRAY_BOTTOM,mesh,1,12,0.3312,0.3601,0,TRAY_BOTTOM
HZ0,heater_carrier,1,12,0.4,0.43217,1.13686838e-13,HZ0
HZ1,heater_carrier,1,12,0.45,0.48416,1.13686838e-13,HZ1
HZ2,heater_carrier,1,12,0.18,0.20105,5.68434189e-14,HZ2
HZ3,heater_carrier,1,12,0.18,0.20469,1.03028697e-13,HZ3
I01,insulation,1,0,0.2738,0.23302,4.26325641e-13,O01
I02,insulation,1,0,0.2681,0.22631,6.82121026e-13,O02
I03,insulation,1,0,0.26981,0.22691,6.25277607e-13,O03
I04,insulation,1,0,0.28047,0.23646,7.10542736e-13,O04
I05,insulation,1,0,0.29802,0.25301,7.95807864e-13,O05
I06A,insulation,1,0,0.11997,0.10325,1.70530257e-13,O06A
I06B,insulation,1,0,0.0857,0.07005,1.42108547e-13,O06B
I07A,insulation,1,0,0.12722,0.11032,1.70530257e-13,O07A
I07B,insulation,1,0,0.09141,0.07578,1.13686838e-13,O07B
I08A,insulation,1,0,0.13149,0.11449,1.42108547e-13,O08A
I08B,insulation,1,0,0.09458,0.07896,1.70530257e-13,O08B
I09A,insulation,1,0,0.13149,0.11449,1.42108547e-13,O09A
I09B,insulation,1,0,0.09458,0.07896,1.56319402e-13,O09B
I10A,insulation,1,0,0.12721,0.11032,8.52651283e-14,O10A
I10B,insulation,1,0,0.09141,0.07578,1.42108547e-13,O10B
I11A,insulation,1,0,0.11996,0.10325,1.70530257e-13,O11A
I11B,insulation,1,0,0.0857,0.07005,1.70530257e-13,O11B
I12,insulation,1,0,0.29801,0.253,4.8316906e-13,O12
I13,insulation,1,0,0.28047,0.23646,5.68434189e-13,O13
I14,insulation,1,0,0.26981,0.22691,5.96855898e-13,O14
I15,insulation,1,0,0.2681,0.22631,5.82645043e-13,O15
I16,insulation,1,0,0.2738,0.23302,6.11066753e-13,O16
IHEAD,insulation,1,0,0.10473,0.09536,1.13686838e-13,OHEAD
IFOOT,insulation,1,0,0.06118,0.05407,5.68434189e-14,OFOOT
