piece_A,vertex_A1,vertex_A2,piece_B,vertex_B1,vertex_B2,length_A_mm,length_B_mm,delta_mm
O01,0,2,OF,0,2,111.4709404053279,111.4709404053279,0.0
O01,2,4,OF,2,4,97.53707285466193,97.53707285466193,0.0
O01,4,6,OF,4,6,107.08436030571245,107.08436030571252,7.105427357601002e-14
O01,6,8,OF,6,8,107.08436030571256,107.08436030571255,1.4210854715202004e-14
O01,8,10,OF,8,10,149.99999999999994,150.0,5.684341886080802e-14
O01,10,12,OF,10,12,149.99999999999994,150.00000000000006,1.1368683772161603e-13
O01,12,14,OF,12,14,150.0,150.0,0.0
O01,14,16,OF,14,16,150.00000000000003,150.0,2.842170943040401e-14
O01,16,18,OF,16,18,150.00000000000014,150.0,1.4210854715202004e-13
O01,18,20,OF,18,20,149.99999999999991,150.0,8.526512829121202e-14
O01,20,22,OF,20,22,150.19548065399078,150.19548065399087,8.526512829121202e-14
O01,22,24,OF,22,24,150.19548065399107,150.19548065399087,1.9895196601282805e-13
O01,24,26,OF,24,26,175.66937591832396,175.66937591832388,8.526512829121202e-14
O01,26,28,OF,26,28,175.66937591832374,175.66937591832385,1.1368683772161603e-13
O01,28,30,OF,28,30,158.0485108291799,158.0485108291799,0.0
O01,30,32,OF,30,32,158.0485108291803,158.04851082917992,3.694822225952521e-13
O01,32,34,OF,32,34,98.49307335893326,98.49307335893344,1.8474111129762605e-13
O01,34,36,OF,34,36,98.49307335893383,98.49307335893342,4.121147867408581e-13
O01,36,37,OFOOT,0,1,41.228936444832684,41.22893644483269,7.105427357601002e-15
O01,37,35,O02,34,36,106.06243707067513,106.06243707067499,1.4210854715202004e-13
O01,35,33,O02,32,34,106.06243707067503,106.06243707067433,6.963318810448982e-13
O01,33,31,O02,30,32,161.5681575313985,161.56815753139827,2.2737367544323206e-13
O01,31,29,O02,28,30,161.56815753139801,161.5681575313983,2.8421709430404007e-13
O01,29,27,O02,26,28,176.00946985103653,176.0094698510363,2.2737367544323206e-13
O01,27,25,O02,24,26,176.00946985103639,176.00946985103656,1.7053025658242404e-13
O01,25,23,O02,22,24,150.34292449630175,150.34292449630124,5.115907697472721e-13
O01,23,21,O02,20,22,150.34292449630118,150.34292449630138,1.9895196601282805e-13
O01,21,19,O02,18,20,150.08715582308503,150.08715582308525,2.2737367544323206e-13
O01,19,17,O02,16,18,150.0871558230853,150.0871558230852,1.1368683772161603e-13
O01,17,15,O02,14,16,150.3003852139519,150.30038521395187,2.842170943040401e-14
O01,15,13,O02,12,14,150.30038521395213,150.300385213952,1.1368683772161603e-13
O01,13,11,O02,10,12,150.17781530683143,150.17781530683152,8.526512829121202e-14
O01,11,9,O02,8,10,150.17781530683132,150.17781530683135,2.842170943040401e-14
O01,9,7,O02,6,8,110.94139263976543,110.94139263976543,0.0
O01,7,5,O02,4,6,110.94139263976548,110.94139263976543,5.684341886080802e-14
O01,5,3,O02,2,4,110.93583338085435,110.93583338085435,0.0
O01,3,1,O02,0,2,126.78380957811925,126.78380957811922,2.842170943040401e-14
O01,1,0,OHEAD,0,1,53.88988912943598,53.88988912943598,0.0
O02,36,37,OFOOT,1,2,40.0118284361981,40.011828436198066,3.552713678800501e-14
O02,37,35,O03,34,36,112.03333114954694,112.0333311495473,3.552713678800501e-13
O02,35,33,O03,32,34,112.0333311495468,112.03333114954675,4.263256414560601e-14
O02,33,31,O03,30,32,164.1558793304672,164.15587933046757,3.694822225952521e-13
O02,31,29,O03,28,30,164.15587933046743,164.15587933046697,4.547473508864641e-13
O02,29,27,O03,26,28,176.36807032341528,176.3680703234154,1.1368683772161603e-13
O02,27,25,O03,24,26,176.36807032341545,176.36807032341548,2.842170943040401e-14
O02,25,23,O03,22,24,150.61808442435415,150.61808442435418,2.842170943040401e-14
O02,23,21,O03,20,22,150.61808442435432,150.61808442435424,8.526512829121202e-14
O02,21,19,O03,18,20,150.39651685470778,150.39651685470764,1.4210854715202004e-13
O02,19,17,O03,16,18,150.39651685470793,150.39651685470795,2.842170943040401e-14
O02,17,15,O03,14,16,151.36319179329266,151.36319179329283,1.7053025658242404e-13
O02,15,13,O03,12,14,151.36319179329283,151.3631917932927,1.1368683772161603e-13
O02,13,11,O03,10,12,150.80811082250816,150.80811082250824,8.526512829121202e-14
O02,11,9,O03,8,10,150.8081108225083,150.80811082250818,1.1368683772161603e-13
O02,9,7,O03,6,8,115.88680875007736,115.88680875007731,5.684341886080802e-14
O02,7,5,O03,4,6,115.88680875007745,115.88680875007739,5.684341886080802e-14
O02,5,3,O03,2,4,127.9187130616574,127.9187130616574,0.0
O02,3,1,O03,0,2,146.19281492760845,146.19281492760845,0.0
O02,1,0,OHEAD,1,2,52.219659691796494,52.21965969179649,7.105427357601002e-15
O03,36,37,OFOOT,2,3,39.57569086389753,39.575690863897506,2.1316282072803006e-14
O03,37,35,O04,34,36,115.72951200033907,115.72951200033903,4.263256414560601e-14
O03,35,33,O04,32,34,115.72951200033832,115.72951200033901,6.963318810448982e-13
O03,33,31,O04,30,32,165.33450398041728,165.3345039804169,3.694822225952521e-13
O03,31,29,O04,28,30,165.3345039804169,165.33450398041728,3.694822225952521e-13
O03,29,27,O04,26,28,176.7101261681952,176.71012616819516,2.842170943040401e-14
O03,27,25,O04,24,26,176.7101261681956,176.7101261681955,8.526512829121202e-14
O03,25,23,O04,22,24,151.02453823060452,151.02453823060438,1.4210854715202004e-13
O03,23,21,O04,20,22,151.0245382306044,151.02453823060432,8.526512829121202e-14
O03,21,19,O04,18,20,150.95304086879187,150.95304086879196,8.526512829121202e-14
O03,19,17,O04,16,18,150.95304086879187,150.9530408687921,2.2737367544323206e-13
O03,17,15,O04,14,16,153.2619920755574,153.2619920755572,1.9895196601282805e-13
O03,15,13,O04,12,14,153.26199207555726,153.26199207555734,8.526512829121202e-14
O03,13,11,O04,10,12,151.93863253364543,151.93863253364566,2.2737367544323206e-13
O03,11,9,O04,8,10,151.93863253364574,151.9386325336456,1.4210854715202004e-13
O03,9,7,O04,6,8,121.5875750774398,121.58757507743978,1.4210854715202004e-14
O03,7,5,O04,4,6,121.58757507743988,121.58757507743987,1.4210854715202004e-14
O03,5,3,O04,2,4,146.88273085843878,146.88273085843878,0.0
O03,3,1,O04,0,2,167.86597812392998,167.86597812392992,5.684341886080802e-14
O03,1,0,OHEAD,2,3,51.62051663467847,51.62051663467842,4.973799150320701e-14
O04,36,37,OFOOT,3,4,40.08196590385822,40.081965903858176,4.263256414560601e-14
O04,37,35,O05,34,36,117.09896739658257,117.09896739658184,7.247535904753022e-13
O04,35,33,O05,32,34,117.09896739658257,117.09896739658292,3.552713678800501e-13
O04,33,31,O05,30,32,165.0536220741025,165.05362207410266,1.7053025658242404e-13
O04,31,29,O05,28,30,165.05362207410357,165.0536220741024,1.1652900866465643e-12
O04,29,27,O05,26,28,177.00874508419005,177.00874508419014,8.526512829121202e-14
O04,27,25,O05,24,26,177.00874508419042,177.00874508419034,8.526512829121202e-14
O04,25,23,O05,22,24,151.52781162158612,151.527811621586,1.1368683772161603e-13
O04,23,21,O05,20,22,151.5278116215859,151.52781162158584,5.684341886080802e-14
O04,21,19,O05,18,20,151.70772131184654,151.70772131184648,5.684341886080802e-14
O04,19,17,O05,16,18,151.70772131184629,151.7077213118467,4.263256414560601e-13
O04,17,15,O05,14,16,155.81086960406412,155.81086960406435,2.2737367544323206e-13
O04,15,13,O05,12,14,155.81086960406407,155.81086960406398,8.526512829121202e-14
O04,13,11,O05,10,12,153.46496446296177,153.46496446296197,1.9895196601282805e-13
O04,11,9,O05,8,10,153.46496446296186,153.46496446296192,5.684341886080802e-14
O04,9,7,O05,6,8,127.51261028847607,127.51261028847597,9.947598300641403e-14
O04,7,5,O05,4,6,127.51261028847611,127.51261028847603,8.526512829121202e-14
O04,5,3,O05,2,4,165.87740415851897,165.87740415851906,8.526512829121202e-14
O04,3,1,O05,0,2,189.5741761811646,189.57417618116457,2.842170943040401e-14
O04,1,0,OHEAD,3,4,52.31597871106576,52.315978711065796,3.552713678800501e-14
O05,36,37,OFOOT,4,5,41.34369155397184,41.34369155397181,2.842170943040401e-14
O05,37,35,O06B,10,12,116.62139474859151,116.62139474859103,4.831690603168681e-13
O05,35,33,O06B,8,10,116.62139474859107,116.62139474859103,4.263256414560601e-14
O05,33,31,O06B,6,8,163.67272610457238,163.67272610457272,3.410605131648481e-13
O05,31,29,O06B,4,6,163.67272610457238,163.67272610457258,1.9895196601282805e-13
O05,29,27,O06B,2,4,177.24714553580523,177.24714553580466,5.684341886080801e-13
O05,27,25,O06B,0,2,177.24714553580495,177.24714553580472,2.2737367544323206e-13
O05,25,23,O06A,10,12,152.05910584952744,152.05910584952719,2.5579538487363607e-13
O05,23,21,O06A,8,10,152.05910584952733,152.05910584952704,2.8421709430404007e-13
O05,21,19,O06A,6,8,152.54387554124932,152.54387554124935,2.842170943040401e-14
O05,19,17,O06A,4,6,152.54387554124926,152.54387554124924,2.842170943040401e-14
O05,17,15,O06A,2,4,158.60155055662779,158.6015505566278,2.842170943040401e-14
O05,15,13,O06A,0,2,158.6015505566277,158.6015505566278,1.1368683772161603e-13
O05,1,0,OHEAD,4,5,54.04723840905076,54.047238409050706,5.684341886080802e-14
O06A,12,13,O06B,1,0,120.58531522741917,120.58531522741919,1.4210854715202004e-14
O06A,13,11,O07A,10,12,152.53016920489716,152.5301692048973,1.4210854715202004e-13
O06A,11,9,O07A,8,10,152.5301692048972,152.53016920489728,8.526512829121202e-14
O06A,9,7,O07A,6,8,153.30548552439322,153.30548552439328,5.684341886080802e-14
O06A,7,5,O07A,4,6,153.3054855243933,153.30548552439333,2.842170943040401e-14
O06A,5,3,O07A,2,4,161.11440033221328,161.11440033221328,0.0
O06A,3,1,O07A,0,2,161.11440033221328,161.11440033221328,0.0
O06B,12,13,OFOOT,5,6,42.92163665328721,42.9216366532872,7.105427357601002e-15
O06B,13,11,O07B,10,12,115.15994424105772,115.15994424105773,1.4210854715202004e-14
O06B,11,9,O07B,8,10,115.15994424105769,115.15994424105777,8.526512829121202e-14
O06B,9,7,O07B,6,8,161.85010866683382,161.85010866683393,1.1368683772161603e-13
O06B,7,5,O07B,4,6,161.850108666834,161.85010866683396,2.842170943040401e-14
O06B,5,3,O07B,2,4,177.41775496948853,177.41775496948853,0.0
O06B,3,1,O07B,0,2,177.4177549694885,177.41775496948853,2.842170943040401e-14
O07A,12,13,O07B,1,0,129.82636121004631,129.82636121004634,2.842170943040401e-14
O07A,13,11,O08A,10,12,152.8547982957514,152.85479829575135,5.684341886080802e-14
O07A,11,9,O08A,8,10,152.85479829575124,152.8547982957515,2.5579538487363607e-13
O07A,9,7,O08A,6,8,153.83804505080698,153.83804505080704,5.684341886080802e-14
O07A,7,5,O08A,4,6,153.83804505080712,153.8380450508071,2.842170943040401e-14
O07A,5,3,O08A,2,4,162.85578657042694,162.85578657042683,1.1368683772161603e-13
O07A,3,1,O08A,0,2,162.85578657042694,162.85578657042694,0.0
O07B,12,13,OFOOT,6,7,44.314951544880905,44.31495154488093,2.1316282072803006e-14
O07B,13,11,O08B,10,12,113.72321458733478,113.72321458733472,5.684341886080802e-14
O07B,11,9,O08B,8,10,113.72321458733477,113.72321458733468,8.526512829121202e-14
O07B,9,7,O08B,6,8,160.344933017621,160.34493301762095,5.684341886080802e-14
O07B,7,5,O08B,4,6,160.34493301762117,160.34493301762114,2.842170943040401e-14
O07B,5,3,O08B,2,4,177.5192402112033,177.5192402112034,8.526512829121202e-14
O07B,3,1,O08B,0,2,177.51924021120334,177.5192402112033,2.842170943040401e-14
O08A,12,13,O08B,1,0,135.00653803390864,135.0065380339086,2.842170943040401e-14
O08A,13,11,O09A,10,12,152.9705854077834,152.9705854077837,2.8421709430404007e-13
O08A,11,9,O09A,8,10,152.97058540778363,152.9705854077834,2.2737367544323206e-13
O08A,9,7,O09A,6,8,154.0292180074936,154.0292180074936,0.0
O08A,7,5,O09A,4,6,154.0292180074936,154.02921800749365,5.684341886080802e-14
O08A,5,3,O09A,2,4,163.4778272427182,163.47782724271826,5.684341886080802e-14
O08A,3,1,O09A,0,2,163.47782724271812,163.4778272427181,2.842170943040401e-14
O08B,12,13,OFOOT,7,8,45.120660664301944,45.12066066430195,7.105427357601002e-15
O08B,13,11,O09B,10,12,113.13708498984748,113.13708498984751,2.842170943040401e-14
O08B,11,9,O09B,8,10,113.13708498984751,113.13708498984768,1.7053025658242404e-13
O08B,9,7,O09B,6,8,159.7654530867046,159.76545308670455,5.684341886080802e-14
O08B,7,5,O09B,4,6,159.76545308670447,159.76545308670458,1.1368683772161603e-13
O08B,5,3,O09B,2,4,177.55280904564702,177.55280904564697,5.684341886080802e-14
O08B,3,1,O09B,0,2,177.55280904564702,177.552809045647,2.842170943040401e-14
O09A,12,13,O09B,1,0,135.00653803390856,135.00653803390853,2.842170943040401e-14
O09A,13,11,O10A,10,12,152.85479829575146,152.85479829575132,1.4210854715202004e-13
O09A,11,9,O10A,8,10,152.85479829575146,152.8547982957514,5.684341886080802e-14
O09A,9,7,O10A,6,8,153.83804505080707,153.838045050807,5.684341886080802e-14
O09A,7,5,O10A,4,6,153.83804505080707,153.83804505080707,0.0
O09A,5,3,O10A,2,4,162.8557865704269,162.85578657042694,5.684341886080802e-14
O09A,3,1,O10A,0,2,162.85578657042694,162.85578657042694,0.0
O09B,12,13,OFOOT,8,9,45.12066066430199,45.12066066430195,3.552713678800501e-14
O09B,13,11,O10B,10,12,113.72321458733484,113.72321458733471,1.2789769243681803e-13
O09B,11,9,O10B,8,10,113.72321458733475,113.72321458733462,1.2789769243681803e-13
O09B,9,7,O10B,6,8,160.34493301762103,160.3449330176211,5.684341886080802e-14
O09B,7,5,O10B,4,6,160.34493301762106,160.3449330176212,1.4210854715202004e-13
O09B,5,3,O10B,2,4,177.51924021120334,177.51924021120342,8.526512829121202e-14
O09B,3,1,O10B,0,2,177.51924021120337,177.51924021120334,2.842170943040401e-14
O10A,12,13,O10B,1,0,129.82636121004631,129.82636121004631,0.0
O10A,13,11,O11A,10,12,152.53016920489713,152.53016920489728,1.4210854715202004e-13
O10A,11,9,O11A,8,10,152.53016920489728,152.5301692048973,2.842170943040401e-14
O10A,9,7,O11A,6,8,153.30548552439325,153.30548552439333,8.526512829121202e-14
O10A,7,5,O11A,4,6,153.30548552439336,153.30548552439336,0.0
O10A,5,3,O11A,2,4,161.11440033221317,161.11440033221322,5.684341886080802e-14
O10A,3,1,O11A,0,2,161.11440033221328,161.11440033221328,0.0
O10B,12,13,OFOOT,9,10,44.31495154488095,44.314951544880905,4.263256414560601e-14
O10B,13,11,O11B,10,12,115.15994424105774,115.15994424105766,8.526512829121202e-14
O10B,11,9,O11B,8,10,115.15994424105769,115.1599442410578,1.1368683772161603e-13
O10B,9,7,O11B,6,8,161.85010866683402,161.85010866683385,1.7053025658242404e-13
O10B,7,5,O11B,4,6,161.85010866683407,161.85010866683407,0.0
O10B,5,3,O11B,2,4,177.41775496948847,177.41775496948853,5.684341886080802e-14
O10B,3,1,O11B,0,2,177.41775496948856,177.41775496948853,2.842170943040401e-14
O11A,12,13,O11B,1,0,120.5853152274193,120.5853152274193,0.0
O11A,13,11,O12,22,24,152.05910584952738,152.05910584952724,1.4210854715202004e-13
O11A,11,9,O12,20,22,152.05910584952724,152.05910584952701,2.2737367544323206e-13
O11A,9,7,O12,18,20,152.5438755412493,152.5438755412493,0.0
O11A,7,5,O12,16,18,152.54387554124924,152.5438755412495,2.5579538487363607e-13
O11A,5,3,O12,14,16,158.60155055662784,158.6015505566274,4.547473508864641e-13
O11A,3,1,O12,12,14,158.6015505566278,158.60155055662807,2.5579538487363607e-13
O11B,12,13,OFOOT,10,11,42.92163665328726,42.92163665328722,3.552713678800501e-14
O11B,13,11,O12,34,36,116.62139474859111,116.62139474859113,1.4210854715202004e-14
O11B,11,9,O12,32,34,116.62139474859113,116.62139474859134,2.1316282072803006e-13
O11B,9,7,O12,30,32,163.6727261045725,163.6727261045725,0.0
O11B,7,5,O12,28,30,163.67272610457266,163.67272610457258,8.526512829121202e-14
O11B,5,3,O12,26,28,177.24714553580475,177.24714553580463,1.1368683772161603e-13
O11B,3,1,O12,24,26,177.2471455358047,177.2471455358045,1.9895196601282805e-13
O12,36,37,OFOOT,11,12,41.343691553971716,41.343691553971766,4.973799150320701e-14
O12,37,35,O13,34,36,117.09896739658231,117.09896739658218,1.2789769243681803e-13
O12,35,33,O13,32,34,117.09896739658261,117.09896739658242,1.8474111129762605e-13
O12,33,31,O13,30,32,165.05362207410246,165.0536220741023,1.7053025658242404e-13
O12,31,29,O13,28,30,165.05362207410252,165.05362207410263,1.1368683772161603e-13
O12,29,27,O13,26,28,177.0087450841907,177.0087450841908,8.526512829121202e-14
O12,27,25,O13,24,26,177.00874508419,177.00874508419008,8.526512829121202e-14
O12,25,23,O13,22,24,151.52781162158604,151.52781162158624,1.9895196601282805e-13
O12,23,21,O13,20,22,151.5278116215861,151.52781162158584,2.5579538487363607e-13
O12,21,19,O13,18,20,151.7077213118466,151.70772131184674,1.4210854715202004e-13
O12,19,17,O13,16,18,151.70772131184643,151.70772131184623,1.9895196601282805e-13
O12,17,15,O13,14,16,155.81086960406415,155.81086960406407,8.526512829121202e-14
O12,15,13,O13,12,14,155.81086960406412,155.8108696040641,2.842170943040401e-14
O12,13,11,O13,10,12,153.4649644629618,153.46496446296194,1.4210854715202004e-13
O12,11,9,O13,8,10,153.46496446296177,153.46496446296175,2.842170943040401e-14
O12,9,7,O13,6,8,127.51261028847604,127.51261028847608,4.263256414560601e-14
O12,7,5,O13,4,6,127.5126102884761,127.51261028847613,2.842170943040401e-14
O12,5,3,O13,2,4,165.87740415851894,165.87740415851894,0.0
O12,3,1,O13,0,2,189.57417618116463,189.57417618116457,5.684341886080802e-14
O12,1,0,OHEAD,11,12,54.04723840905072,54.047238409050706,1.4210854715202004e-14
O13,36,37,OFOOT,12,13,40.08196590385821,40.081965903858176,3.552713678800501e-14
O13,37,35,O14,34,36,115.72951200033883,115.72951200033845,3.836930773104541e-13
O13,35,33,O14,32,34,115.72951200033827,115.7295120003381,1.7053025658242404e-13
O13,33,31,O14,30,32,165.33450398041734,165.33450398041785,5.115907697472721e-13
O13,31,29,O14,28,30,165.3345039804174,165.33450398041734,5.684341886080802e-14
O13,29,27,O14,26,28,176.71012616819496,176.7101261681956,6.252776074688882e-13
O13,27,25,O14,24,26,176.71012616819561,176.71012616819522,3.979039320256561e-13
O13,25,23,O14,22,24,151.02453823060415,151.02453823060483,6.821210263296962e-13
O13,23,21,O14,20,22,151.02453823060452,151.02453823060443,8.526512829121202e-14
O13,21,19,O14,18,20,150.95304086879193,150.95304086879202,8.526512829121202e-14
O13,19,17,O14,16,18,150.95304086879196,150.95304086879204,8.526512829121202e-14
O13,17,15,O14,14,16,153.26199207555726,153.26199207555737,1.1368683772161603e-13
O13,15,13,O14,12,14,153.2619920755572,153.26199207555723,2.842170943040401e-14
O13,13,11,O14,10,12,151.93863253364563,151.93863253364555,8.526512829121202e-14
O13,11,9,O14,8,10,151.9386325336455,151.93863253364574,2.5579538487363607e-13
O13,9,7,O14,6,8,121.58757507743995,121.58757507743977,1.8474111129762605e-13
O13,7,5,O14,4,6,121.58757507743964,121.58757507743982,1.8474111129762605e-13
O13,5,3,O14,2,4,146.88273085843883,146.88273085843875,8.526512829121202e-14
O13,3,1,O14,0,2,167.86597812393,167.86597812393,0.0
O13,1,0,OHEAD,12,13,52.31597871106578,52.31597871106579,7.105427357601002e-15
O14,36,37,OFOOT,13,14,39.57569086389753,39.575690863897535,7.105427357601002e-15
O14,37,35,O15,34,36,112.03333114954714,112.03333114954745,3.126388037344441e-13
O14,35,33,O15,32,34,112.03333114954631,112.03333114954651,1.9895196601282805e-13
O14,33,31,O15,30,32,164.15587933046714,164.1558793304673,1.4210854715202004e-13
O14,31,29,O15,28,30,164.15587933046731,164.155879330467,3.126388037344441e-13
O14,29,27,O15,26,28,176.3680703234154,176.3680703234156,1.9895196601282805e-13
O14,27,25,O15,24,26,176.36807032341545,176.36807032341545,0.0
O14,25,23,O15,22,24,150.61808442435395,150.61808442435412,1.7053025658242404e-13
O14,23,21,O15,20,22,150.61808442435418,150.61808442435412,5.684341886080802e-14
O14,21,19,O15,18,20,150.396516854708,150.39651685470795,5.684341886080802e-14
O14,19,17,O15,16,18,150.3965168547079,150.39651685470798,8.526512829121202e-14
O14,17,15,O15,14,16,151.36319179329257,151.3631917932926,2.842170943040401e-14
O14,15,13,O15,12,14,151.36319179329266,151.36319179329274,8.526512829121202e-14
O14,13,11,O15,10,12,150.8081108225083,150.80811082250816,1.4210854715202004e-13
O14,11,9,O15,8,10,150.80811082250824,150.8081108225083,5.684341886080802e-14
O14,9,7,O15,6,8,115.88680875007735,115.88680875007734,1.4210854715202004e-14
O14,7,5,O15,4,6,115.88680875007735,115.88680875007736,1.4210854715202004e-14
O14,5,3,O15,2,4,127.91871306165739,127.9187130616574,1.4210854715202004e-14
O14,3,1,O15,0,2,146.1928149276084,146.19281492760837,2.842170943040401e-14
O14,1,0,OHEAD,13,14,51.620516634678495,51.620516634678474,2.1316282072803006e-14
O15,36,37,OFOOT,14,15,40.011828436198094,40.011828436198094,0.0
O15,37,35,O16,34,36,106.06243707067524,106.06243707067466,5.826450433232822e-13
O15,35,33,O16,32,34,106.06243707067483,106.06243707067514,3.126388037344441e-13
O15,33,31,O16,30,32,161.56815753139855,161.56815753139776,7.958078640513122e-13
O15,31,29,O16,28,30,161.568157531398,161.56815753139819,1.9895196601282805e-13
O15,29,27,O16,26,28,176.0094698510366,176.00946985103639,2.2737367544323206e-13
O15,27,25,O16,24,26,176.00946985103627,176.00946985103653,2.5579538487363607e-13
O15,25,23,O16,22,24,150.3429244963015,150.34292449630118,3.126388037344441e-13
O15,23,21,O16,20,22,150.34292449630146,150.34292449630144,2.842170943040401e-14
O15,21,19,O16,18,20,150.08715582308514,150.08715582308542,2.8421709430404007e-13
O15,19,17,O16,16,18,150.08715582308508,150.08715582308517,8.526512829121202e-14
O15,17,15,O16,14,16,150.30038521395193,150.30038521395207,1.4210854715202004e-13
O15,15,13,O16,12,14,150.30038521395204,150.30038521395198,5.684341886080802e-14
O15,13,11,O16,10,12,150.17781530683138,150.17781530683138,0.0
O15,11,9,O16,8,10,150.17781530683146,150.17781530683143,2.842170943040401e-14
O15,9,7,O16,6,8,110.94139263976544,110.94139263976547,2.842170943040401e-14
O15,7,5,O16,4,6,110.9413926397654,110.94139263976541,1.4210854715202004e-14
O15,5,3,O16,2,4,110.93583338085438,110.93583338085435,2.842170943040401e-14
O15,3,1,O16,0,2,126.78380957811922,126.78380957811922,0.0
O15,1,0,OHEAD,14,15,52.219659691796494,52.21965969179647,2.1316282072803006e-14
O16,36,37,OFOOT,15,16,41.22893644483266,41.22893644483267,7.105427357601002e-15
O16,37,35,OF,37,35,98.49307335893312,98.49307335893342,2.984279490192421e-13
O16,35,33,OF,35,33,98.49307335893404,98.49307335893342,6.252776074688882e-13
O16,33,31,OF,33,31,158.04851082917983,158.04851082917983,0.0
O16,31,29,OF,31,29,158.04851082917995,158.0485108291799,5.684341886080802e-14
O16,29,27,OF,29,27,175.66937591832394,175.66937591832388,5.684341886080802e-14
O16,27,25,OF,27,25,175.66937591832382,175.66937591832385,2.842170943040401e-14
O16,25,23,OF,25,23,150.19548065399093,150.19548065399087,5.684341886080802e-14
O16,23,21,OF,23,21,150.19548065399064,150.19548065399087,2.2737367544323206e-13
O16,21,19,OF,21,19,149.99999999999997,150.0,2.842170943040401e-14
O16,19,17,OF,19,17,150.0000000000002,150.0,1.9895196601282805e-13
O16,17,15,OF,17,15,150.0,150.0,0.0
O16,15,13,OF,15,13,149.99999999999997,150.0,2.842170943040401e-14
O16,13,11,OF,13,11,149.99999999999991,150.0,8.526512829121202e-14
O16,11,9,OF,11,9,150.0,150.0,0.0
O16,9,7,OF,9,7,107.08436030571261,107.08436030571252,8.526512829121202e-14
O16,7,5,OF,7,5,107.08436030571245,107.08436030571251,5.684341886080802e-14
O16,5,3,OF,5,3,97.53707285466197,97.53707285466197,0.0
O16,3,1,OF,3,1,111.47094040532788,111.4709404053279,1.4210854715202004e-14
O16,1,0,OHEAD,15,16,53.88988912943593,53.889889129435886,4.263256414560601e-14
OF,36,37,OFOOT,16,0,245.13422179807299,245.13422179807293,5.684341886080802e-14
OF,1,0,OHEAD,16,0,321.73866610997084,321.7386661099708,5.684341886080802e-14
L01,0,2,LF,0,2,111.47094040532788,111.47094040532788,0.0
L01,2,4,LF,2,4,97.53707285466197,97.53707285466199,1.4210854715202004e-14
L01,4,6,LF,4,6,107.08436030571248,107.08436030571252,4.263256414560601e-14
L01,6,8,LF,6,8,107.08436030571258,107.08436030571258,0.0
L01,8,10,LF,8,10,149.9999999999999,150.0,1.1368683772161603e-13
L01,10,12,LF,10,12,150.0,150.0,0.0
L01,12,14,LF,12,14,150.00000000000009,150.0,8.526512829121202e-14
L01,14,16,LF,14,16,149.99999999999997,150.0,2.842170943040401e-14
L01,16,18,LF,16,18,149.99999999999997,150.0,2.842170943040401e-14
L01,18,20,LF,18,20,150.00000000000006,150.0,5.684341886080802e-14
L01,20,22,LF,20,22,150.19548065399104,150.19548065399087,1.7053025658242404e-13
L01,22,24,LF,22,24,150.19548065399096,150.19548065399087,8.526512829121202e-14
L01,24,26,LF,24,26,175.66937591832368,175.66937591832388,1.9895196601282805e-13
L01,26,28,LF,26,28,175.66937591832368,175.66937591832388,1.9895196601282805e-13
L01,28,30,LF,28,30,158.0485108291802,158.04851082918032,1.1368683772161603e-13
L01,30,32,LF,30,32,158.04851082917966,158.0485108291799,2.2737367544323206e-13
L01,32,34,LF,32,34,98.49307335893381,98.49307335893344,3.694822225952521e-13
L01,34,36,LF,34,36,98.49307335893293,98.49307335893351,5.826450433232822e-13
L01,36,37,LFOOT,0,1,35.39510994245822,35.39510994245818,4.263256414560601e-14
L01,37,35,L02,34,36,106.06243707067533,106.06243707067512,2.1316282072803006e-13
L01,35,33,L02,32,34,106.06243707067487,106.06243707067495,7.105427357601002e-14
L01,33,31,L02,30,32,161.5681575313984,161.56815753139819,2.2737367544323206e-13
L01,31,29,L02,28,30,161.56815753139796,161.5681575313986,6.536993168992922e-13
L01,29,27,L02,26,28,176.00946985103676,176.00946985103653,2.2737367544323206e-13
L01,27,25,L02,24,26,176.00946985103622,176.00946985103627,5.684341886080802e-14
L01,25,23,L02,22,24,150.3429244963015,150.34292449630152,2.842170943040401e-14
L01,23,21,L02,20,22,150.34292449630155,150.34292449630135,1.9895196601282805e-13
L01,21,19,L02,18,20,150.08715582308528,150.08715582308514,1.4210854715202004e-13
L01,19,17,L02,16,18,150.08715582308517,150.0871558230851,5.684341886080802e-14
L01,17,15,L02,14,16,150.30038521395193,150.30038521395204,1.1368683772161603e-13
L01,15,13,L02,12,14,150.30038521395193,150.3003852139519,2.842170943040401e-14
L01,13,11,L02,10,12,150.17781530683152,150.1778153068312,3.126388037344441e-13
L01,11,9,L02,8,10,150.17781530683132,150.17781530683146,1.4210854715202004e-13
L01,9,7,L02,6,8,110.94139263976544,110.94139263976541,2.842170943040401e-14
L01,7,5,L02,4,6,110.94139263976543,110.94139263976545,2.842170943040401e-14
L01,5,3,L02,2,4,110.93583338085433,110.93583338085432,1.4210854715202004e-14
L01,3,1,L02,0,2,126.78380957811923,126.78380957811923,0.0
L01,1,0,LHEAD,0,1,48.05618744088274,48.056187440882724,1.4210854715202004e-14
L02,36,37,LFOOT,1,2,33.916209945083246,33.916209945083224,2.1316282072803006e-14
L02,37,35,L03,34,36,112.03333114954742,112.03333114954654,8.810729923425242e-13
L02,35,33,L03,32,34,112.03333114954734,112.03333114954694,3.979039320256561e-13
L02,33,31,L03,30,32,164.15587933046663,164.1558793304668,1.7053025658242404e-13
L02,31,29,L03,28,30,164.15587933046783,164.1558793304673,5.400124791776761e-13
L02,29,27,L03,26,28,176.36807032341522,176.36807032341545,2.2737367544323206e-13
L02,27,25,L03,24,26,176.36807032341554,176.36807032341568,1.4210854715202004e-13
L02,25,23,L03,22,24,150.61808442435412,150.6180844243545,3.694822225952521e-13
L02,23,21,L03,20,22,150.61808442435404,150.61808442435415,1.1368683772161603e-13
L02,21,19,L03,18,20,150.39651685470787,150.39651685470778,8.526512829121202e-14
L02,19,17,L03,16,18,150.396516854708,150.39651685470778,2.2737367544323206e-13
L02,17,15,L03,14,16,151.3631917932927,151.36319179329274,2.842170943040401e-14
L02,15,13,L03,12,14,151.36319179329269,151.3631917932927,2.842170943040401e-14
L02,13,11,L03,10,12,150.80811082250824,150.80811082250813,1.1368683772161603e-13
L02,11,9,L03,8,10,150.80811082250816,150.80811082250833,1.7053025658242404e-13
L02,9,7,L03,6,8,115.88680875007731,115.88680875007732,1.4210854715202004e-14
L02,7,5,L03,4,6,115.88680875007734,115.88680875007735,1.4210854715202004e-14
L02,5,3,L03,2,4,127.91871306165743,127.9187130616574,2.842170943040401e-14
L02,3,1,L03,0,2,146.19281492760845,146.19281492760848,2.842170943040401e-14
L02,1,0,LHEAD,1,2,46.12408196965894,46.124081969658974,3.552713678800501e-14
L03,36,37,LFOOT,2,3,33.381512688672004,33.381512688672046,4.263256414560601e-14
L03,37,35,L04,34,36,115.7295120003388,115.72951200033815,6.536993168992922e-13
L03,35,33,L04,32,34,115.72951200033846,115.72951200033847,1.4210854715202004e-14
L03,33,31,L04,30,32,165.3345039804174,165.33450398041748,8.526512829121202e-14
L03,31,29,L04,28,30,165.33450398041742,165.33450398041657,8.526512829121202e-13
L03,29,27,L04,26,28,176.7101261681955,176.71012616819547,2.842170943040401e-14
L03,27,25,L04,24,26,176.71012616819522,176.71012616819542,1.9895196601282805e-13
L03,25,23,L04,22,24,151.02453823060463,151.02453823060443,1.9895196601282805e-13
L03,23,21,L04,20,22,151.02453823060435,151.0245382306045,1.4210854715202004e-13
L03,21,19,L04,18,20,150.95304086879196,150.95304086879182,1.4210854715202004e-13
L03,19,17,L04,16,18,150.95304086879196,150.95304086879185,1.1368683772161603e-13
L03,17,15,L04,14,16,153.26199207555723,153.26199207555754,3.126388037344441e-13
L03,15,13,L04,12,14,153.2619920755573,153.2619920755572,8.526512829121202e-14
L03,13,11,L04,10,12,151.9386325336456,151.93863253364566,5.684341886080802e-14
L03,11,9,L04,8,10,151.93863253364572,151.93863253364546,2.5579538487363607e-13
L03,9,7,L04,6,8,121.58757507743978,121.58757507743971,7.105427357601002e-14
L03,7,5,L04,4,6,121.58757507743981,121.58757507743984,2.842170943040401e-14
L03,5,3,L04,2,4,146.88273085843878,146.8827308584388,2.842170943040401e-14
L03,3,1,L04,0,2,167.86597812393,167.86597812392998,2.842170943040401e-14
L03,1,0,LHEAD,2,3,45.426338530367254,45.426338530367254,0.0
L04,36,37,LFOOT,3,4,34.001953772944354,34.00195377294432,3.552713678800501e-14
L04,37,35,L05,34,36,117.098967396582,117.09896739658264,6.394884621840902e-13
L04,35,33,L05,32,34,117.09896739658234,117.09896739658232,1.4210854715202004e-14
L04,33,31,L05,30,32,165.0536220741024,165.05362207410292,5.115907697472721e-13
L04,31,29,L05,28,30,165.05362207410332,165.05362207410315,1.7053025658242404e-13
L04,29,27,L05,26,28,177.0087450841898,177.00874508419008,2.8421709430404007e-13
L04,27,25,L05,24,26,177.0087450841902,177.00874508419045,2.5579538487363607e-13
L04,25,23,L05,22,24,151.52781162158584,151.52781162158593,8.526512829121202e-14
L04,23,21,L05,20,22,151.52781162158615,151.527811621586,1.4210854715202004e-13
L04,21,19,L05,18,20,151.7077213118466,151.7077213118466,0.0
L04,19,17,L05,16,18,151.70772131184643,151.70772131184646,2.842170943040401e-14
L04,17,15,L05,14,16,155.81086960406412,155.8108696040644,2.8421709430404007e-13
L04,15,13,L05,12,14,155.81086960406418,155.81086960406424,5.684341886080802e-14
L04,13,11,L05,10,12,153.4649644629619,153.46496446296194,5.684341886080802e-14
L04,11,9,L05,8,10,153.46496446296172,153.4649644629618,8.526512829121202e-14
L04,9,7,L05,6,8,127.51261028847598,127.51261028847597,1.4210854715202004e-14
L04,7,5,L05,4,6,127.51261028847604,127.51261028847608,4.263256414560601e-14
L04,5,3,L05,2,4,165.87740415851908,165.87740415851897,1.1368683772161603e-13
L04,3,1,L05,0,2,189.57417618116452,189.57417618116457,5.684341886080802e-14
L04,1,0,LHEAD,3,4,46.23601344081494,46.23601344081493,1.4210854715202004e-14
L05,36,37,LFOOT,4,5,35.53360233421809,35.533602334218116,2.842170943040401e-14
L05,37,35,L06B,10,12,116.62139474859133,116.6213947485911,2.2737367544323206e-13
L05,35,33,L06B,8,10,116.62139474859083,116.62139474859096,1.2789769243681803e-13
L05,33,31,L06B,6,8,163.67272610457258,163.67272610457266,8.526512829121202e-14
L05,31,29,L06B,4,6,163.67272610457272,163.6727261045725,2.2737367544323206e-13
L05,29,27,L06B,2,4,177.24714553580503,177.24714553580475,2.8421709430404007e-13
L05,27,25,L06B,0,2,177.2471455358044,177.24714553580466,2.5579538487363607e-13
L05,25,23,L06A,10,12,152.0591058495272,152.0591058495273,8.526512829121202e-14
L05,23,21,L06A,8,10,152.05910584952707,152.0591058495272,1.4210854715202004e-13
L05,21,19,L06A,6,8,152.54387554124955,152.54387554124926,2.8421709430404007e-13
L05,19,17,L06A,4,6,152.54387554124924,152.54387554124932,8.526512829121202e-14
L05,17,15,L06A,2,4,158.60155055662776,158.6015505566278,5.684341886080802e-14
L05,15,13,L06A,0,2,158.60155055662767,158.6015505566278,1.4210854715202004e-13
L05,1,0,LHEAD,4,5,48.23727930940093,48.237279309400925,7.105427357601002e-15
L06A,12,13,L06B,1,0,115.19798031455754,115.19798031455753,1.4210854715202004e-14
L06A,13,11,L07A,10,12,152.5301692048973,152.53016920489733,2.842170943040401e-14
L06A,11,9,L07A,8,10,152.53016920489716,152.53016920489725,8.526512829121202e-14
L06A,9,7,L07A,6,8,153.30548552439325,153.30548552439325,0.0
L06A,7,5,L07A,4,6,153.3054855243934,153.30548552439336,2.842170943040401e-14
L06A,5,3,L07A,2,4,161.11440033221322,161.11440033221322,0.0
L06A,3,1,L07A,0,2,161.11440033221322,161.11440033221328,5.684341886080802e-14
L06B,12,13,LFOOT,5,6,37.42296897740948,37.42296897740948,0.0
L06B,13,11,L07B,10,12,115.15994424105783,115.15994424105766,1.7053025658242404e-13
L06B,11,9,L07B,8,10,115.15994424105773,115.15994424105756,1.7053025658242404e-13
L06B,9,7,L07B,6,8,161.85010866683382,161.85010866683402,1.9895196601282805e-13
L06B,7,5,L07B,4,6,161.85010866683405,161.850108666834,5.684341886080802e-14
L06B,5,3,L07B,2,4,177.41775496948847,177.4177549694885,2.842170943040401e-14
L06B,3,1,L07B,0,2,177.41775496948856,177.4177549694885,5.684341886080802e-14
L07A,12,13,L07B,1,0,124.63572102409589,124.63572102409587,1.4210854715202004e-14
L07A,13,11,L08A,10,12,152.8547982957516,152.85479829575146,1.4210854715202004e-13
L07A,11,9,L08A,8,10,152.8547982957514,152.8547982957512,1.9895196601282805e-13
L07A,9,7,L08A,6,8,153.83804505080704,153.83804505080715,1.1368683772161603e-13
L07A,7,5,L08A,4,6,153.83804505080704,153.83804505080704,0.0
L07A,5,3,L08A,2,4,162.85578657042683,162.85578657042677,5.684341886080802e-14
L07A,3,1,L08A,0,2,162.85578657042703,162.85578657042703,0.0
L07B,12,13,LFOOT,6,7,39.07023949978279,39.07023949978275,3.552713678800501e-14
L07B,13,11,L08B,10,12,113.72321458733481,113.72321458733487,5.684341886080802e-14
L07B,11,9,L08B,8,10,113.72321458733465,113.72321458733467,1.4210854715202004e-14
L07B,9,7,L08B,6,8,160.344933017621,160.34493301762126,2.5579538487363607e-13
L07B,7,5,L08B,4,6,160.3449330176212,160.34493301762106,1.4210854715202004e-13
L07B,5,3,L08B,2,4,177.51924021120334,177.5192402112034,5.684341886080802e-14
L07B,3,1,L08B,0,2,177.5192402112033,177.5192402112033,0.0
L08A,12,13,L08B,1,0,129.9075039804488,129.90750398044875,5.684341886080802e-14
L08A,13,11,L09A,10,12,152.9705854077836,152.97058540778343,1.7053025658242404e-13
L08A,11,9,L09A,8,10,152.9705854077836,152.97058540778355,5.684341886080802e-14
L08A,9,7,L09A,6,8,154.0292180074937,154.02921800749354,1.7053025658242404e-13
L08A,7,5,L09A,4,6,154.02921800749354,154.0292180074936,5.684341886080802e-14
L08A,5,3,L09A,2,4,163.4778272427181,163.47782724271826,1.7053025658242404e-13
L08A,3,1,L09A,0,2,163.47782724271815,163.47782724271815,0.0
L08B,12,13,LFOOT,7,8,40.014809673663606,40.01480967366364,3.552713678800501e-14
L08B,13,11,L09B,10,12,113.13708498984768,113.13708498984775,7.105427357601002e-14
L08B,11,9,L09B,8,10,113.13708498984755,113.13708498984754,1.4210854715202004e-14
L08B,9,7,L09B,6,8,159.76545308670464,159.7654530867044,2.2737367544323206e-13
L08B,7,5,L09B,4,6,159.7654530867045,159.76545308670467,1.7053025658242404e-13
L08B,5,3,L09B,2,4,177.552809045647,177.55280904564702,2.842170943040401e-14
L08B,3,1,L09B,0,2,177.55280904564702,177.55280904564702,0.0
L09A,12,13,L09B,1,0,129.90750398044872,129.9075039804487,2.842170943040401e-14
L09A,13,11,L10A,10,12,152.85479829575152,152.85479829575127,2.5579538487363607e-13
L09A,11,9,L10A,8,10,152.8547982957515,152.85479829575144,5.684341886080802e-14
L09A,9,7,L10A,6,8,153.83804505080698,153.83804505080712,1.4210854715202004e-13
L09A,7,5,L10A,4,6,153.838045050807,153.838045050807,0.0
L09A,5,3,L10A,2,4,162.85578657042694,162.85578657042686,8.526512829121202e-14
L09A,3,1,L10A,0,2,162.85578657042706,162.85578657042697,8.526512829121202e-14
L09B,12,13,LFOOT,8,9,40.01480967366362,40.01480967366353,9.237055564881302e-14
L09B,13,11,L10B,10,12,113.72321458733477,113.72321458733472,4.263256414560601e-14
L09B,11,9,L10B,8,10,113.72321458733462,113.72321458733468,5.684341886080802e-14
L09B,9,7,L10B,6,8,160.34493301762117,160.34493301762123,5.684341886080802e-14
L09B,7,5,L10B,4,6,160.34493301762112,160.34493301762114,2.842170943040401e-14
L09B,5,3,L10B,2,4,177.5192402112034,177.5192402112033,8.526512829121202e-14
L09B,3,1,L10B,0,2,177.5192402112033,177.51924021120337,5.684341886080802e-14
L10A,12,13,L10B,1,0,124.63572102409589,124.63572102409584,4.263256414560601e-14
L10A,13,11,L11A,10,12,152.5301692048972,152.5301692048974,1.9895196601282805e-13
L10A,11,9,L11A,8,10,152.5301692048973,152.53016920489716,1.4210854715202004e-13
L10A,9,7,L11A,6,8,153.30548552439325,153.30548552439333,8.526512829121202e-14
L10A,7,5,L11A,4,6,153.30548552439336,153.30548552439336,0.0
L10A,5,3,L11A,2,4,161.1144003322131,161.11440033221317,5.684341886080802e-14
L10A,3,1,L11A,0,2,161.11440033221328,161.11440033221328,0.0
L10B,12,13,LFOOT,9,10,39.07023949978271,39.07023949978278,7.105427357601002e-14
L10B,13,11,L11B,10,12,115.15994424105773,115.15994424105773,0.0
L10B,11,9,L11B,8,10,115.15994424105767,115.15994424105763,4.263256414560601e-14
L10B,9,7,L11B,6,8,161.85010866683407,161.85010866683393,1.4210854715202004e-13
L10B,7,5,L11B,4,6,161.85010866683405,161.85010866683402,2.842170943040401e-14
L10B,5,3,L11B,2,4,177.41775496948853,177.41775496948858,5.684341886080802e-14
L10B,3,1,L11B,0,2,177.41775496948856,177.41775496948853,2.842170943040401e-14
L11A,12,13,L11B,1,0,115.19798031455768,115.19798031455763,5.684341886080802e-14
L11A,13,11,L12,22,24,152.05910584952727,152.0591058495273,2.842170943040401e-14
L11A,11,9,L12,20,22,152.0591058495272,152.05910584952701,1.9895196601282805e-13
L11A,9,7,L12,18,20,152.54387554124932,152.54387554124904,2.8421709430404007e-13
L11A,7,5,L12,16,18,152.5438755412493,152.54387554124958,2.8421709430404007e-13
L11A,5,3,L12,14,16,158.60155055662784,158.60155055662787,2.842170943040401e-14
L11A,3,1,L12,12,14,158.6015505566278,158.60155055662793,1.1368683772161603e-13
L11B,12,13,LFOOT,10,11,37.42296897740953,37.422968977409504,2.842170943040401e-14
L11B,13,11,L12,34,36,116.62139474859111,116.62139474859094,1.7053025658242404e-13
L11B,11,9,L12,32,34,116.62139474859107,116.6213947485913,2.2737367544323206e-13
L11B,9,7,L12,30,32,163.67272610457263,163.67272610457306,4.263256414560601e-13
L11B,7,5,L12,28,30,163.67272610457263,163.6727261045721,5.400124791776761e-13
L11B,5,3,L12,26,28,177.24714553580466,177.24714553580503,3.694822225952521e-13
L11B,3,1,L12,24,26,177.2471455358047,177.24714553580458,1.1368683772161603e-13
L12,36,37,LFOOT,11,12,35.5336023342181,35.53360233421808,2.1316282072803006e-14
L12,37,35,L13,34,36,117.09896739658268,117.09896739658222,4.547473508864641e-13
L12,35,33,L13,32,34,117.09896739658178,117.09896739658204,2.5579538487363607e-13
L12,33,31,L13,30,32,165.05362207410298,165.05362207410334,3.694822225952521e-13
L12,31,29,L13,28,30,165.0536220741029,165.05362207410272,1.7053025658242404e-13
L12,29,27,L13,26,28,177.0087450841902,177.00874508419022,2.842170943040401e-14
L12,27,25,L13,24,26,177.00874508419037,177.00874508419022,1.4210854715202004e-13
L12,25,23,L13,22,24,151.52781162158612,151.527811621586,1.1368683772161603e-13
L12,23,21,L13,20,22,151.52781162158587,151.5278116215858,5.684341886080802e-14
L12,21,19,L13,18,20,151.70772131184665,151.70772131184683,1.7053025658242404e-13
L12,19,17,L13,16,18,151.7077213118465,151.70772131184648,2.842170943040401e-14
L12,17,15,L13,14,16,155.81086960406435,155.8108696040642,1.4210854715202004e-13
L12,15,13,L13,12,14,155.81086960406404,155.81086960406398,5.684341886080802e-14
L12,13,11,L13,10,12,153.46496446296194,153.4649644629621,1.4210854715202004e-13
L12,11,9,L13,8,10,153.46496446296175,153.46496446296183,8.526512829121202e-14
L12,9,7,L13,6,8,127.51261028847594,127.51261028847597,2.842170943040401e-14
L12,7,5,L13,4,6,127.51261028847604,127.51261028847603,1.4210854715202004e-14
L12,5,3,L13,2,4,165.87740415851908,165.877404158519,8.526512829121202e-14
L12,3,1,L13,0,2,189.57417618116457,189.57417618116455,2.842170943040401e-14
L12,1,0,LHEAD,11,12,48.23727930940092,48.237279309400904,1.4210854715202004e-14
L13,36,37,LFOOT,12,13,34.00195377294435,34.001953772944326,2.1316282072803006e-14
L13,37,35,L14,34,36,115.72951200033849,115.72951200033788,6.110667527536862e-13
L13,35,33,L14,32,34,115.72951200033872,115.72951200033866,5.684341886080802e-14
L13,33,31,L14,30,32,165.3345039804171,165.33450398041717,5.684341886080802e-14
L13,31,29,L14,28,30,165.3345039804176,165.33450398041745,1.4210854715202004e-13
L13,29,27,L14,26,28,176.71012616819542,176.71012616819522,1.9895196601282805e-13
L13,27,25,L14,24,26,176.71012616819553,176.71012616819556,2.842170943040401e-14
L13,25,23,L14,22,24,151.0245382306047,151.02453823060452,1.7053025658242404e-13
L13,23,21,L14,20,22,151.02453823060452,151.02453823060446,5.684341886080802e-14
L13,21,19,L14,18,20,150.95304086879185,150.95304086879204,1.9895196601282805e-13
L13,19,17,L14,16,18,150.95304086879187,150.9530408687919,2.842170943040401e-14
L13,17,15,L14,14,16,153.26199207555723,153.26199207555717,5.684341886080802e-14
L13,15,13,L14,12,14,153.26199207555723,153.26199207555723,0.0
L13,13,11,L14,10,12,151.93863253364563,151.9386325336456,2.842170943040401e-14
L13,11,9,L14,8,10,151.9386325336456,151.9386325336456,0.0
L13,9,7,L14,6,8,121.58757507743982,121.58757507743981,1.4210854715202004e-14
L13,7,5,L14,4,6,121.58757507743978,121.58757507743981,2.842170943040401e-14
L13,5,3,L14,2,4,146.88273085843878,146.88273085843875,2.842170943040401e-14
L13,3,1,L14,0,2,167.86597812393,167.86597812393,0.0
L13,1,0,LHEAD,12,13,46.23601344081495,46.23601344081492,2.842170943040401e-14
L14,36,37,LFOOT,13,14,33.381512688672096,33.3815126886721,7.105427357601002e-15
L14,37,35,L15,34,36,112.0333311495472,112.03333114954648,7.105427357601002e-13
L14,35,33,L15,32,34,112.03333114954654,112.03333114954717,6.252776074688882e-13
L14,33,31,L15,30,32,164.15587933046703,164.15587933046714,1.1368683772161603e-13
L14,31,29,L15,28,30,164.15587933046749,164.1558793304674,8.526512829121202e-14
L14,29,27,L15,26,28,176.36807032341528,176.3680703234158,5.115907697472721e-13
L14,27,25,L15,24,26,176.36807032341542,176.36807032341545,2.842170943040401e-14
L14,25,23,L15,22,24,150.6180844243541,150.618084424354,8.526512829121202e-14
L14,23,21,L15,20,22,150.6180844243539,150.61808442435398,8.526512829121202e-14
L14,21,19,L15,18,20,150.39651685470807,150.39651685470773,3.410605131648481e-13
L14,19,17,L15,16,18,150.39651685470764,150.39651685470784,1.9895196601282805e-13
L14,17,15,L15,14,16,151.36319179329308,151.36319179329266,4.263256414560601e-13
L14,15,13,L15,12,14,151.36319179329263,151.36319179329274,1.1368683772161603e-13
L14,13,11,L15,10,12,150.80811082250824,150.80811082250818,5.684341886080802e-14
L14,11,9,L15,8,10,150.80811082250818,150.80811082250827,8.526512829121202e-14
L14,9,7,L15,6,8,115.88680875007732,115.88680875007726,5.684341886080802e-14
L14,7,5,L15,4,6,115.88680875007734,115.88680875007739,5.684341886080802e-14
L14,5,3,L15,2,4,127.91871306165743,127.91871306165741,1.4210854715202004e-14
L14,3,1,L15,0,2,146.1928149276084,146.1928149276084,0.0
L14,1,0,LHEAD,13,14,45.42633853036728,45.42633853036731,2.842170943040401e-14
L15,36,37,LFOOT,14,15,33.91620994508325,33.916209945083196,5.684341886080802e-14
L15,37,35,L16,34,36,106.06243707067544,106.06243707067503,4.121147867408581e-13
L15,35,33,L16,32,34,106.0624370706749,106.06243707067506,1.5631940186722204e-13
L15,33,31,L16,30,32,161.56815753139793,161.56815753139816,2.2737367544323206e-13
L15,31,29,L16,28,30,161.56815753139855,161.56815753139819,3.694822225952521e-13
L15,29,27,L16,26,28,176.00946985103647,176.00946985103673,2.5579538487363607e-13
L15,27,25,L16,24,26,176.00946985103658,176.00946985103636,2.2737367544323206e-13
L15,25,23,L16,22,24,150.3429244963012,150.34292449630163,4.263256414560601e-13
L15,23,21,L16,20,22,150.34292449630138,150.34292449630144,5.684341886080802e-14
L15,21,19,L16,18,20,150.08715582308534,150.08715582308542,8.526512829121202e-14
L15,19,17,L16,16,18,150.0871558230849,150.08715582308494,2.842170943040401e-14
L15,17,15,L16,14,16,150.30038521395198,150.30038521395187,1.1368683772161603e-13
L15,15,13,L16,12,14,150.30038521395207,150.30038521395204,2.842170943040401e-14
L15,13,11,L16,10,12,150.17781530683132,150.17781530683143,1.1368683772161603e-13
L15,11,9,L16,8,10,150.17781530683146,150.17781530683138,8.526512829121202e-14
L15,9,7,L16,6,8,110.94139263976541,110.9413926397654,1.4210854715202004e-14
L15,7,5,L16,4,6,110.94139263976544,110.94139263976541,2.842170943040401e-14
L15,5,3,L16,2,4,110.93583338085435,110.93583338085432,2.842170943040401e-14
L15,3,1,L16,0,2,126.78380957811922,126.7838095781192,1.4210854715202004e-14
L15,1,0,LHEAD,14,15,46.12408196965893,46.12408196965894,7.105427357601002e-15
L16,36,37,LFOOT,15,16,35.39510994245818,35.39510994245813,4.973799150320701e-14
L16,37,35,LF,37,35,98.49307335893296,98.49307335893297,1.4210854715202004e-14
L16,35,33,LF,35,33,98.4930733589328,98.49307335893334,5.400124791776761e-13
L16,33,31,LF,33,31,158.04851082918017,158.0485108291799,2.8421709430404007e-13
L16,31,29,LF,31,29,158.04851082918003,158.0485108291799,1.4210854715202004e-13
L16,29,27,LF,29,27,175.66937591832374,175.66937591832385,1.1368683772161603e-13
L16,27,25,LF,27,25,175.66937591832428,175.66937591832385,4.263256414560601e-13
L16,25,23,LF,25,23,150.19548065399047,150.19548065399087,3.979039320256561e-13
L16,23,21,LF,23,21,150.19548065399104,150.19548065399087,1.7053025658242404e-13
L16,21,19,LF,21,19,149.99999999999983,149.99999999999977,5.684341886080802e-14
L16,19,17,LF,19,17,150.0000000000002,150.0,1.9895196601282805e-13
L16,17,15,LF,17,15,150.00000000000009,150.0,8.526512829121202e-14
L16,15,13,LF,15,13,150.00000000000003,150.0,2.842170943040401e-14
L16,13,11,LF,13,11,150.00000000000006,150.0,5.684341886080802e-14
L16,11,9,LF,11,9,150.0,150.0,0.0
L16,9,7,LF,9,7,107.08436030571254,107.08436030571258,4.263256414560601e-14
L16,7,5,LF,7,5,107.08436030571255,107.08436030571247,8.526512829121202e-14
L16,5,3,LF,5,3,97.53707285466193,97.537072854662,7.105427357601002e-14
L16,3,1,LF,3,1,111.47094040532792,111.47094040532787,5.684341886080802e-14
L16,1,0,LHEAD,15,16,48.056187440882695,48.056187440882766,7.105427357601002e-14
LF,36,37,LFOOT,16,0,217.55662184578978,217.55662184578972,5.684341886080802e-14
LF,1,0,LHEAD,16,0,294.1610661576876,294.16106615768757,5.684341886080802e-14
MT,0,1,MG_LEFT,3,1,92.38661182468185,92.38661182468186,1.4210854715202004e-14
MT,1,2,MG_LEFT,5,3,105.62196741208714,105.62196741208714,0.0
MT,2,3,MG_LEFT,7,5,105.62196741208714,105.62196741208717,2.842170943040401e-14
MT,3,4,MG_LEFT,9,7,150.0,150.0,0.0
MT,4,5,MG_LEFT,11,9,150.0,150.00000000000006,5.684341886080802e-14
MT,5,6,MG_LEFT,13,11,149.9999999999999,150.0,1.1368683772161603e-13
MT,6,7,MG_LEFT,15,13,150.0,150.0,0.0
MT,7,8,MG_LEFT,17,15,150.0,150.0000000000001,1.1368683772161603e-13
MT,8,9,MG_LEFT,19,17,149.9999999999999,150.0,1.1368683772161603e-13
MT,9,10,MG_LEFT,21,19,150.1540542243199,150.1540542243199,0.0
MT,10,11,MG_LEFT,23,21,150.1540542243199,150.1540542243199,0.0
MT,11,12,MG_LEFT,25,23,175.52766163770335,175.52766163770298,3.694822225952521e-13
MT,12,13,MG_LEFT,27,25,175.52766163770312,175.5276616377032,8.526512829121202e-14
MT,13,14,MG_LEFT,29,27,156.3765967144701,156.37659671447022,1.1368683772161603e-13
MT,14,15,MG_LEFT,31,29,156.37659671447005,156.37659671446977,2.8421709430404007e-13
MT,15,16,MG_LEFT,33,31,94.87360012142462,94.87360012142472,9.947598300641403e-14
MT,16,17,MG_LEFT,35,33,319.6,319.5999999999999,1.1368683772161603e-13
MT,17,18,MG_RIGHT,3,1,94.87360012142474,94.87360012142472,2.842170943040401e-14
MT,18,19,MG_RIGHT,5,3,156.3765967144698,156.37659671447005,2.5579538487363607e-13
MT,19,20,MG_RIGHT,7,5,156.3765967144703,156.37659671447005,2.5579538487363607e-13
MT,20,21,MG_RIGHT,9,7,175.52766163770312,175.5276616377031,2.842170943040401e-14
MT,21,22,MG_RIGHT,11,9,175.52766163770312,175.5276616377031,2.842170943040401e-14
MT,22,23,MG_RIGHT,13,11,150.15405422431988,150.1540542243199,2.842170943040401e-14
MT,23,24,MG_RIGHT,15,13,150.15405422432013,150.15405422432002,1.1368683772161603e-13
MT,24,25,MG_RIGHT,17,15,149.9999999999999,150.0,1.1368683772161603e-13
MT,25,26,MG_RIGHT,19,17,150.0,150.0,0.0
MT,26,27,MG_RIGHT,21,19,150.0,150.0,0.0
MT,27,28,MG_RIGHT,23,21,149.9999999999999,150.0,1.1368683772161603e-13
MT,28,29,MG_RIGHT,25,23,150.0,150.0,0.0
MT,29,30,MG_RIGHT,27,25,150.0,150.0,0.0
MT,30,31,MG_RIGHT,29,27,105.62196741208717,105.62196741208709,8.526512829121202e-14
MT,31,32,MG_RIGHT,31,29,105.62196741208714,105.62196741208709,5.684341886080802e-14
MT,32,33,MG_RIGHT,33,31,92.38661182468186,92.38661182468195,8.526512829121202e-14
MT,33,0,MG_RIGHT,35,33,423.4133333333333,423.4133333333334,1.1368683772161603e-13
MB,0,1,MG_LEFT,0,2,92.38661182468185,92.38661182468185,0.0
MB,1,2,MG_LEFT,2,4,105.62196741208714,105.62196741208713,1.4210854715202004e-14
MB,2,3,MG_LEFT,4,6,105.62196741208714,105.62196741208717,2.842170943040401e-14
MB,3,4,MG_LEFT,6,8,150.0,150.0,0.0
MB,4,5,MG_LEFT,8,10,150.0,150.0,0.0
MB,5,6,MG_LEFT,10,12,149.9999999999999,150.0,1.1368683772161603e-13
MB,6,7,MG_LEFT,12,14,150.0,150.0,0.0
MB,7,8,MG_LEFT,14,16,150.0,149.9999999999999,1.1368683772161603e-13
MB,8,9,MG_LEFT,16,18,149.9999999999999,150.0,1.1368683772161603e-13
MB,9,10,MG_LEFT,18,20,150.1540542243199,150.1540542243199,0.0
MB,10,11,MG_LEFT,20,22,150.1540542243199,150.1540542243199,0.0
MB,11,12,MG_LEFT,22,24,175.52766163770335,175.5276616377032,1.4210854715202004e-13
MB,12,13,MG_LEFT,24,26,175.52766163770312,175.5276616377032,8.526512829121202e-14
MB,13,14,MG_LEFT,26,28,156.3765967144701,156.37659671447,1.1368683772161603e-13
MB,14,15,MG_LEFT,28,30,156.37659671447005,156.37659671447,5.684341886080802e-14
MB,15,16,MG_LEFT,30,32,94.87360012142462,94.87360012142472,9.947598300641403e-14
MB,16,17,MG_LEFT,32,34,319.6,319.5999999999999,1.1368683772161603e-13
MB,17,18,MG_RIGHT,0,2,94.87360012142474,94.87360012142472,2.842170943040401e-14
MB,18,19,MG_RIGHT,2,4,156.3765967144698,156.37659671447005,2.5579538487363607e-13
MB,19,20,MG_RIGHT,4,6,156.3765967144703,156.37659671447005,2.5579538487363607e-13
MB,20,21,MG_RIGHT,6,8,175.52766163770312,175.52766163770315,2.842170943040401e-14
MB,21,22,MG_RIGHT,8,10,175.52766163770312,175.5276616377031,2.842170943040401e-14
MB,22,23,MG_RIGHT,10,12,150.15405422431988,150.1540542243199,2.842170943040401e-14
MB,23,24,MG_RIGHT,12,14,150.15405422432013,150.15405422431968,4.547473508864641e-13
MB,24,25,MG_RIGHT,14,16,149.9999999999999,150.0,1.1368683772161603e-13
MB,25,26,MG_RIGHT,16,18,150.0,150.0,0.0
MB,26,27,MG_RIGHT,18,20,150.0,150.0,0.0
MB,27,28,MG_RIGHT,20,22,149.9999999999999,150.0,1.1368683772161603e-13
MB,28,29,MG_RIGHT,22,24,150.0,150.0,0.0
MB,29,30,MG_RIGHT,24,26,150.0,150.0,0.0
MB,30,31,MG_RIGHT,26,28,105.62196741208717,105.62196741208732,1.4210854715202004e-13
MB,31,32,MG_RIGHT,28,30,105.62196741208714,105.62196741208709,5.684341886080802e-14
MB,32,33,MG_RIGHT,30,32,92.38661182468186,92.38661182468195,8.526512829121202e-14
MB,33,0,MG_RIGHT,32,34,423.4133333333333,423.4133333333334,1.1368683772161603e-13
MG_LEFT,34,35,MG_RIGHT,1,0,95.99999999999993,96.0,7.105427357601002e-14
MG_LEFT,1,0,MG_RIGHT,34,35,96.0,95.99999999999993,7.105427357601002e-14
WLEFT,0,1,WBASE,0,1,850.0,850.0,0.0
WLEFT,1,2,WSLOPE,3,0,1040.4326023342405,1040.4326023342405,0.0
WLEFT,2,0,WBACK,3,0,600.0,600.0,0.0
WRIGHT,0,1,WBASE,2,3,850.0,850.0,0.0
WRIGHT,1,2,WSLOPE,1,2,1040.4326023342405,1040.4326023342405,0.0
WRIGHT,2,0,WBACK,1,2,600.0,600.0,0.0
WBASE,1,2,WSLOPE,2,3,560.0,560.0,0.0
WBASE,3,0,WBACK,0,1,560.0,560.0,0.0
WBACK,2,3,WSLOPE,0,1,560.0,560.0,0.0
ARM_LEFT_TOP,0,1,ARM_LEFT_IN,2,3,400.0,400.0,0.0
ARM_LEFT_TOP,1,2,ARM_LEFT_FOOT,2,3,110.0,110.0,0.0
ARM_LEFT_TOP,2,3,ARM_LEFT_OUT,2,3,400.0,400.0,0.0
ARM_LEFT_TOP,3,0,ARM_LEFT_HEAD,2,3,110.0,110.0,0.0
ARM_LEFT_BOTTOM,0,1,ARM_LEFT_IN,0,1,400.0,400.0,0.0
ARM_LEFT_BOTTOM,1,2,ARM_LEFT_FOOT,0,1,110.0,110.0,0.0
ARM_LEFT_BOTTOM,2,3,ARM_LEFT_OUT,0,1,400.0,400.0,0.0
ARM_LEFT_BOTTOM,3,0,ARM_LEFT_HEAD,0,1,110.0,110.0,0.0
ARM_LEFT_IN,1,2,ARM_LEFT_FOOT,3,0,290.0,290.0,0.0
ARM_LEFT_IN,3,0,ARM_LEFT_HEAD,3,0,290.0,290.0,0.0
ARM_LEFT_OUT,1,2,ARM_LEFT_FOOT,1,2,290.0,290.0,0.0
ARM_LEFT_OUT,3,0,ARM_LEFT_HEAD,1,2,290.0,290.0,0.0
ARM_RIGHT_TOP,0,1,ARM_RIGHT_IN,2,3,400.0,400.0,0.0
ARM_RIGHT_TOP,1,2,ARM_RIGHT_FOOT,2,3,110.0,110.0,0.0
ARM_RIGHT_TOP,2,3,ARM_RIGHT_OUT,2,3,400.0,400.0,0.0
ARM_RIGHT_TOP,3,0,ARM_RIGHT_HEAD,2,3,110.0,110.0,0.0
ARM_RIGHT_BOTTOM,0,1,ARM_RIGHT_IN,0,1,400.0,400.0,0.0
ARM_RIGHT_BOTTOM,1,2,ARM_RIGHT_FOOT,0,1,110.0,110.0,0.0
ARM_RIGHT_BOTTOM,2,3,ARM_RIGHT_OUT,0,1,400.0,400.0,0.0
ARM_RIGHT_BOTTOM,3,0,ARM_RIGHT_HEAD,0,1,110.0,110.0,0.0
ARM_RIGHT_IN,1,2,ARM_RIGHT_FOOT,3,0,290.0,290.0,0.0
ARM_RIGHT_IN,3,0,ARM_RIGHT_HEAD,3,0,290.0,290.0,0.0
ARM_RIGHT_OUT,1,2,ARM_RIGHT_FOOT,1,2,290.0,290.0,0.0
ARM_RIGHT_OUT,3,0,ARM_RIGHT_HEAD,1,2,290.0,290.0,0.0
