index,id,kind,color,block,stitches,area_mm2,length_mm,width_mm,angle
1,blanket_0,tatami,navy,1,761,236.02,,,25
2,blanket_1,tatami,navy,1,678,211.07,,,25
3,blanket_2,tatami,navy,1,54,15.67,,,25
4,blanket_3,tatami,navy,1,294,112.58,,,25
5,blanket_4,tatami,navy,1,17,1.07,,,25
6,back_left_body_0,tatami,charcoal,2,2028,461.54,,,-55
7,back_left_body_1,tatami,charcoal,2,246,71.81,,,-55
8,back_left_body_2,tatami,charcoal,2,29,6.99,,,-55
9,back_left_body_3,tatami,charcoal,2,11,0.35,,,-55
10,front_center_body_0,tatami,charcoal,2,4727,571.17,,,-65
11,front_center_body_1,tatami,charcoal,2,107,33.47,,,-65
12,front_center_body_2,tatami,charcoal,2,37,7.76,,,-65
13,back_left_saddle_0,tatami,gray,3,383,209.19,,,-45
14,tail_top_left_shadow_0,tatami,gray,3,225,113.17,,,-65
15,tail_front_left_shadow_0,tatami,gray,3,134,49.49,,,-50
16,front_center_saddle_0,tatami,gray,3,467,232.41,,,-50
17,tail_front_center_shadow_0,tatami,gray,3,189,81.26,,,-61
18,back_right_body_0,tatami,brown,4,1001,227.48,,,52
19,back_right_body_1,tatami,brown,4,70,23.14,,,52
20,back_right_body_2,tatami,brown,4,79,26.87,,,52
21,back_right_body_3,tatami,brown,4,42,9.82,,,52
22,back_right_body_4,tatami,brown,4,160,50.62,,,52
23,hair_main_0,tatami,brown,4,1944,441.53,,,-30
24,tail_front_right_shadow_0,tatami,brown,4,124,47.47,,,60
25,back_right_saddle_0,tatami,tan,5,430,227.57,,,40
26,tail_top_right_shadow_0,tatami,tan,5,200,83.53,,,58
27,hair_highlight_0,tatami,tan,5,48,20.97,,,-30
28,hair_highlight_2_0,tatami,tan,5,91,36.78,,,-42
29,hair_highlight_3_0,tatami,tan,5,36,16.18,,,47
30,front_left_body_0,tatami,tan,5,341,106.36,,,-52
31,front_left_body_1,tatami,tan,5,874,212.68,,,-52
32,front_left_body_2,tatami,tan,5,186,49.08,,,-52
33,front_right_body_0,tatami,tan,5,2850,383.88,,,53
34,ear_left_0,tatami,skin,6,94,35.01,,,40
35,ear_right_0,tatami,skin,6,63,21.96,,,-40
36,face_0,tatami,skin,6,1163,648.75,,,18
37,back_left_ivory_L_0,tatami,ivory,7,91,28.56,,,80
38,back_left_ivory_L_1,tatami,ivory,7,514,279.94,,,80
39,back_left_ivory_R_0,tatami,ivory,7,342,127.86,,,104
40,back_left_ivory_R_1,tatami,ivory,7,68,21.4,,,104
41,back_right_ivory_L_0,tatami,ivory,7,373,158.28,,,80
42,back_right_ivory_R_0,tatami,ivory,7,476,222.22,,,108
43,back_right_ivory_R_1,tatami,ivory,7,199,77.8,,,108
44,tail_top_left_0,tatami,ivory,7,1365,450.69,,,-52
45,tail_top_left_1,tatami,ivory,7,228,68.09,,,-52
46,tail_top_right_0,tatami,ivory,7,1490,509.71,,,52
47,front_left_ivory_L_0,tatami,ivory,7,802,504.63,,,82
48,front_left_ivory_R_0,tatami,ivory,7,713,452.55,,,103
49,front_right_ivory_L_0,tatami,ivory,7,477,312.16,,,81
50,front_right_ivory_R_0,tatami,ivory,7,677,433.01,,,103
51,tail_front_left_0,tatami,ivory,7,1041,350.64,,,-42
52,tail_front_right_0,tatami,ivory,7,907,280.2,,,46
53,front_center_ivory_L_0,tatami,ivory,7,596,417.97,,,84
54,front_center_ivory_R_0,tatami,ivory,7,574,399.42,,,104
55,tail_front_center_0,tatami,ivory,7,1440,430.79,,,-50
56,paw_LL_base_0,tatami,ivory,7,149,77.5,,,70
57,paw_LR_base_0,tatami,ivory,7,152,77.5,,,70
58,paw_RL_base_0,tatami,ivory,7,150,77.5,,,70
59,paw_RR_base_0,tatami,ivory,7,150,77.5,,,70
60,blush_left_0,tatami,coral,8,57,19.66,,,20
61,blush_right_0,tatami,coral,8,56,23.05,,,20
62,chin_0,satin,tan,9,69,,9.72,0.6,
63,fur_front_center_split_0,satin,tan,9,102,,15.09,0.55,
64,fur_left_split_0,satin,tan,9,132,,19.94,0.55,
65,fur_right_split_0,satin,tan,9,135,,20.41,0.55,
66,nose_outline_0,satin,brown,10,36,,4.35,0.75,
67,nostril_left_0,satin,brown,10,9,,0.48,0.9,
68,nostril_right_0,satin,brown,10,12,,0.43,0.9,
69,smile_0,satin,brown,10,102,,15.12,1.15,
70,smile_left_dimple_0,satin,brown,10,24,,2.27,0.8,
71,smile_right_dimple_0,satin,brown,10,24,,2.22,0.8,
72,ear_fold_left_0,satin,brown,10,37,,4.5,0.7,
73,ear_fold_right_0,satin,brown,10,34,,4.11,0.7,
74,heart_0,satin,coral,11,190,,29.46,0.9,
75,back_left_body_edge_0,satin,charcoal,12,22,,1.96,0.85,
76,back_left_body_edge_1,satin,charcoal,12,342,,54.3,0.85,
77,back_left_body_edge_2,satin,charcoal,12,110,,16.37,0.85,
78,back_left_body_edge_3,satin,charcoal,12,12,,0.46,0.85,
79,back_left_body_edge_5,satin,charcoal,12,14,,0.65,0.85,
80,back_left_body_edge_6,satin,charcoal,12,89,,12.86,0.85,
81,back_right_body_edge_0,satin,charcoal,12,30,,3.57,0.85,
82,back_right_body_edge_1,satin,charcoal,12,286,,45.02,0.85,
83,back_right_body_edge_2,satin,charcoal,12,34,,3.86,0.85,
84,back_right_body_edge_3,satin,charcoal,12,47,,6.11,0.85,
85,back_right_body_edge_4,satin,charcoal,12,37,,4.79,0.85,
86,tail_top_left_edge_0,satin,charcoal,12,490,,78.68,0.85,
87,tail_top_left_edge_1,satin,charcoal,12,256,,40.23,0.85,
88,tail_top_left_edge_2,satin,charcoal,12,29,,3.29,0.85,
89,tail_top_left_edge_3,satin,charcoal,12,246,,38.78,0.85,
90,tail_top_right_edge_0,satin,charcoal,12,946,,153.19,0.85,
91,tail_top_right_edge_1,satin,charcoal,12,22,,1.91,0.85,
92,ear_left_edge_0,satin,charcoal,12,17,,1.29,0.85,
93,ear_left_edge_1,satin,charcoal,12,92,,13.46,0.85,
94,ear_right_edge_0,satin,charcoal,12,77,,10.91,0.85,
95,face_edge_0,satin,charcoal,12,14,,0.7,0.85,
96,face_edge_1,satin,charcoal,12,93,,13.75,0.85,
97,face_edge_2,satin,charcoal,12,100,,14.63,0.85,
98,face_edge_3,satin,charcoal,12,27,,2.93,0.85,
99,hair_main_edge_0,satin,charcoal,12,1057,,171.26,0.85,
100,hair_main_edge_1,satin,charcoal,12,158,,24.25,0.85,
101,brow_left_0,satin,charcoal,12,61,,8.48,1.3,
102,brow_right_0,satin,charcoal,12,58,,7.94,1.3,
103,eyelid_left_0,satin,charcoal,12,52,,7.1,1.05,
104,eyelid_right_0,satin,charcoal,12,50,,6.66,1.05,
105,front_left_body_edge_0,satin,charcoal,12,456,,73.19,0.85,
106,front_left_body_edge_1,satin,charcoal,12,125,,18.84,0.85,
107,front_left_body_edge_2,satin,charcoal,12,26,,2.76,0.85,
108,front_right_body_edge_0,satin,charcoal,12,14,,0.71,0.85,
109,front_right_body_edge_1,satin,charcoal,12,269,,42.4,0.85,
110,front_right_body_edge_2,satin,charcoal,12,94,,13.98,0.85,
111,front_right_body_edge_3,satin,charcoal,12,59,,8.02,0.85,
112,front_right_body_edge_4,satin,charcoal,12,123,,18.55,0.85,
113,front_right_body_edge_5,satin,charcoal,12,38,,4.72,0.85,
114,tail_front_left_edge_0,satin,charcoal,12,765,,123.69,0.85,
115,tail_front_right_edge_0,satin,charcoal,12,715,,115.28,0.85,
116,front_center_body_edge_0,satin,charcoal,12,324,,51.53,0.85,
117,front_center_body_edge_1,satin,charcoal,12,45,,5.69,0.85,
118,front_center_body_edge_2,satin,charcoal,12,423,,67.79,0.85,
119,tail_front_center_edge_0,satin,charcoal,12,986,,159.91,0.85,
120,paw_LL_base_edge_0,satin,charcoal,12,203,,31.68,0.85,
121,paw_LL_pad_0,satin,charcoal,12,24,,2.36,2.0,
122,paw_LL_toe0_0,satin,charcoal,12,14,,0.68,0.95,
123,paw_LL_toe1_0,satin,charcoal,12,14,,0.68,0.95,
124,paw_LL_toe2_0,satin,charcoal,12,13,,0.68,0.95,
125,paw_LR_base_edge_0,satin,charcoal,12,203,,31.68,0.85,
126,paw_LR_pad_0,satin,charcoal,12,24,,2.36,2.0,
127,paw_LR_toe0_0,satin,charcoal,12,14,,0.68,0.95,
128,paw_LR_toe1_0,satin,charcoal,12,14,,0.68,0.95,
129,paw_LR_toe2_0,satin,charcoal,12,14,,0.68,0.95,
130,paw_RL_base_edge_0,satin,charcoal,12,203,,31.68,0.85,
131,paw_RL_pad_0,satin,charcoal,12,24,,2.37,2.0,
132,paw_RL_toe0_0,satin,charcoal,12,14,,0.68,0.95,
133,paw_RL_toe1_0,satin,charcoal,12,14,,0.68,0.95,
134,paw_RL_toe2_0,satin,charcoal,12,14,,0.68,0.95,
135,paw_RR_base_edge_0,satin,charcoal,12,203,,31.68,0.85,
136,paw_RR_pad_0,satin,charcoal,12,24,,2.36,2.0,
137,paw_RR_toe0_0,satin,charcoal,12,14,,0.68,0.95,
138,paw_RR_toe1_0,satin,charcoal,12,14,,0.68,0.95,
139,paw_RR_toe2_0,satin,charcoal,12,14,,0.68,0.95,
140,motion_0_0,satin,charcoal,12,56,,7.49,0.75,
141,motion_1_0,satin,charcoal,12,51,,6.85,0.75,
142,motion_2_0,satin,charcoal,12,56,,7.42,0.75,
143,motion_3_0,satin,charcoal,12,69,,9.76,0.75,
144,motion_4_0,satin,charcoal,12,52,,7.07,0.75,
145,motion_5_0,satin,charcoal,12,59,,8.13,0.75,
146,letter_0_С_0,satin,navy,13,138,,21.15,1.65,
147,letter_1_п_0,satin,navy,13,161,,24.84,1.65,
148,letter_2_и_0,satin,navy,13,194,,30.27,1.65,
149,letter_3_м_0,satin,navy,13,212,,33.16,1.65,
150,letter_5_с_0,satin,navy,13,135,,20.53,1.65,
151,letter_7_х_0,satin,navy,13,82,,11.87,1.65,
152,letter_7_х_1,satin,navy,13,82,,11.87,1.65,
153,letter_8_а_0,satin,navy,13,145,,22.11,1.65,
154,letter_8_а_1,satin,navy,13,63,,9.0,1.65,
155,letter_9_с_0,satin,navy,13,135,,20.53,1.65,
156,letter_10_к_0,satin,navy,13,66,,9.2,1.65,
157,letter_10_к_1,satin,navy,13,114,,17.09,1.65,
158,letter_11_и_0,satin,navy,13,194,,30.27,1.65,
159,caption_paw_left,satin,navy,13,27,,2.96,2.2,
160,caption_toe_left0,satin,navy,13,14,,0.61,0.85,
161,caption_toe_left1,satin,navy,13,14,,0.61,0.85,
162,caption_toe_left2,satin,navy,13,14,,0.61,0.85,
163,caption_toe_left3,satin,navy,13,14,,0.61,0.85,
164,caption_paw_right,satin,navy,13,27,,2.96,2.2,
165,caption_toe_right0,satin,navy,13,14,,0.61,0.85,
166,caption_toe_right1,satin,navy,13,14,,0.61,0.85,
167,caption_toe_right2,satin,navy,13,14,,0.61,0.85,
168,caption_toe_right3,satin,navy,13,14,,0.61,0.85,
169,patch_satin_border,satin,navy,13,3880,,551.0,2.8,
