Reference,Value/requirement,Footprint,X_mm,Y_mm
J1,12V: SAFE / GND / RAW,Husky_TERM_3,15,109
RSTAR,0R logic/power star,Husky_R_2,15,78
J2,PWM0..3 / GND,Husky_HEADER_5,9,31
U1,TC4427EPA,Husky_DIP8_8,45,32
C1,100n / 50V,Husky_C_2,58,32
C2,10u / 25V,Husky_C_2,58,40
U2,TC4427EPA,Husky_DIP8_8,105,32
C3,100n / 50V,Husky_C_2,118,32
C4,10u / 25V,Husky_C_2,118,40
R1,47R,Husky_R_2,28,62
R2,100k gate pulldown,Husky_R_2,37,73
R3,10k input pulldown,Husky_R_2,28,49
Q1,STP55NF06L,Husky_TO220_3,28,82
F1,2.5A DC fuse - footprint VERIFY,Husky_C_2,28,95
JH1,Heater Z0,Husky_TERM_2,28,110
R4,47R,Husky_R_2,59,62
R5,100k gate pulldown,Husky_R_2,68,73
R6,10k input pulldown,Husky_R_2,59,49
Q2,STP55NF06L,Husky_TO220_3,59,82
F2,2.5A DC fuse - footprint VERIFY,Husky_C_2,59,95
JH2,Heater Z1,Husky_TERM_2,59,110
R7,47R,Husky_R_2,90,62
R8,100k gate pulldown,Husky_R_2,99,73
R9,10k input pulldown,Husky_R_2,90,49
Q3,STP55NF06L,Husky_TO220_3,90,82
F3,1.6A DC fuse - footprint VERIFY,Husky_C_2,90,95
JH3,Heater Z2,Husky_TERM_2,90,110
R10,47R,Husky_R_2,121,62
R11,100k gate pulldown,Husky_R_2,130,73
R12,10k input pulldown,Husky_R_2,121,49
Q4,STP55NF06L,Husky_TO220_3,121,82
F4,1.0A DC fuse - footprint VERIFY,Husky_C_2,121,95
JH4,Heater Z3,Husky_TERM_2,121,110
