id,p95_edge_distortion_pct,max_edge_distortion_pct,production_release
O01,5.162786935566233,8.606799824756939,False
L01,3.134116432335579,5.983490245258405,False
O02,1.7859117179179984,3.2792351879920245,False
L02,1.5444956613498513,3.1346953797642407,False
O03,0.9368226728464463,1.719929437579748,False
L03,0.9867476782414869,1.7189334697961356,False
O04,0.7337435485331112,1.351151160600561,False
L04,1.1201247040239448,2.114083731782701,False
O05,0.9145801981006507,1.7036571781987586,False
L05,1.2956720383478864,2.085879214438402,False
O06,2.344001016410635,6.013471132756143,False
L06,1.513605265771506,3.5321934738575034,False
O07,2.417065605208504,4.967495281687473,False
L07,1.3245630019877663,3.0007846947807892,False
O08,0.9511470900858576,1.9204265583480762,False
L08,1.1566740879722288,1.9989860915104019,False
O09,0.7441759048086249,1.4279930100354665,False
L09,1.1071788824379758,2.147867885850674,False
O10,0.9771607051175413,1.7714873896504946,False
L10,1.0033787477446405,1.7451300469689457,False
O11,1.7488043189181013,3.2884193109527837,False
L11,1.5370123260233348,3.1411372939457394,False
O12,5.162668806756826,8.60645792127237,False
L12,3.1335764556750996,5.984797337606896,False
HC_OUTER,0.0,0.0,False
HC_LINING,0.0,0.0,False
HC_HINGE,0,0.0,False
HC_RIB_SLEEVE,0,0.0,False
HC_LIMIT_STRAP,0,0.0,False
